study,strand,metric,estimate,lower,upper,unit,decision,source,notes
DINO learned-delta probe,temporal acquisition,validation accuracy,0.5226771831512451,,,tile examples,Teacher labels partly predictable; policy later collapsed.,/home/stud/latn/AutoGaze/outputs/delta_policy/dino_semnovel_l001_fusion_probe/metrics/mean_vision_linear.json,top2=0.7820; balanced=0.3241; macroF1=0.2854
Pixel learned-delta probe,temporal acquisition,validation accuracy,0.5906228423118591,,,tile examples,Teacher labels partly predictable; never deployed on HLVid.,/home/stud/latn/AutoGaze/outputs/delta_probe_supervised_t004_balanced25k/pixel_mse_t004_mean_vision_runtime_linear_metrics.json,top2=0.8084; balanced=0.4196; macroF1=0.4139
T0d rich tile sentinel,temporal within-tile promotion; not decode avoidance or HLVid QA,oracle_vs_uniform,0.15032878967881122,0.13082825712757598,0.17197411254735226,relative distortion improvement (not QA percentage points),positive oracle headroom,/home/stud/latn/.codex/worktrees/temporal-active-viewing/master-thesis/AutoGaze/experiments/temporal_viewing/results/20260818-1209_t0d-rich-test_a1bfdb5/metrics.json,"Protected test once; 2,000 source-stratified bootstrap samples."
T0d rich tile sentinel,temporal within-tile promotion; not decode avoidance or HLVid QA,reversible_vs_uniform,-0.08287386356911469,-0.10727565125392094,-0.05957163901336986,relative distortion improvement (not QA percentage points),learned reversible controller worse,/home/stud/latn/.codex/worktrees/temporal-active-viewing/master-thesis/AutoGaze/experiments/temporal_viewing/results/20260818-1209_t0d-rich-test_a1bfdb5/metrics.json,"Protected test once; 2,000 source-stratified bootstrap samples."
T0d rich tile sentinel,temporal within-tile promotion; not decode avoidance or HLVid QA,reversible_vs_forward,-0.08164533357331379,-0.10484779775396899,-0.05881413037621068,relative distortion improvement (not QA percentage points),reversibility did not rescue controller,/home/stud/latn/.codex/worktrees/temporal-active-viewing/master-thesis/AutoGaze/experiments/temporal_viewing/results/20260818-1209_t0d-rich-test_a1bfdb5/metrics.json,"Protected test once; 2,000 source-stratified bootstrap samples."
T0d cost,temporal within-tile promotion; not decode avoidance or HLVid QA,shallow ms/frame,0.09351163753308356,,,RTX A2000 milliseconds/frame,descriptive same-device timing,/home/stud/latn/.codex/worktrees/temporal-active-viewing/master-thesis/AutoGaze/experiments/temporal_viewing/results/20260818-1209_t0d-rich-test_a1bfdb5/metrics.json,10 timed batches after one warmup; batch=64 frames.
T0d cost,temporal within-tile promotion; not decode avoidance or HLVid QA,decoder ms/frame,0.5709708828362636,,,RTX A2000 milliseconds/frame,descriptive same-device timing,/home/stud/latn/.codex/worktrees/temporal-active-viewing/master-thesis/AutoGaze/experiments/temporal_viewing/results/20260818-1209_t0d-rich-test_a1bfdb5/metrics.json,10 timed batches after one warmup; batch=64 frames.
T0d cost,temporal within-tile promotion; not decode avoidance or HLVid QA,DINOv2 ms/frame,2.9992372248671018,,,RTX A2000 milliseconds/frame,descriptive same-device timing,/home/stud/latn/.codex/worktrees/temporal-active-viewing/master-thesis/AutoGaze/experiments/temporal_viewing/results/20260818-1209_t0d-rich-test_a1bfdb5/metrics.json,10 timed batches after one warmup; batch=64 frames.
P0 predictive surprise,within-frame spatial ranking; not temporal acquisition,prior+SURGE minus prior coverage,0.010884740787523217,0.005143761044105438,0.016617724002259193,coverage,gate failed: raw SURGE below all simple controls,/home/stud/latn/.codex/worktrees/5428/master-thesis/code/results/p0_predictive_surprise/20260817-0040_p0-predictive-surprise_a6725c5/metrics.json,"Validation only; spatial evidence, not temporal acquisition."
P0 predictive surprise,within-frame spatial ranking; not temporal acquisition,raw SURGE coverage,0.18678153889070848,,,coverage,negative control comparison,/home/stud/latn/.codex/worktrees/5428/master-thesis/code/results/p0_predictive_surprise/20260817-0040_p0-predictive-surprise_a6725c5/metrics.json,RGB diff=0.2272; feature diff=0.2322
