seed,question_id,video_path,category,trained_correct,reference_correct
440826,0,clip_av_video_3_000.mp4,av,1,1
440826,1,clip_av_video_3_000.mp4,av,0,0
440826,2,clip_av_video_3_000.mp4,av,0,0
440826,3,clip_av_video_3_000.mp4,av,0,0
440826,4,clip_av_video_3_000.mp4,av,0,0
440826,5,clip_av_video_3_001.mp4,av,0,1
440826,6,clip_av_video_3_001.mp4,av,0,1
440826,7,clip_av_video_3_001.mp4,av,0,1
440826,8,clip_household_video_0_000.mp4,household,1,1
440826,9,clip_household_video_0_000.mp4,household,0,0
440826,10,clip_household_video_0_000.mp4,household,1,0
440826,11,clip_household_video_0_000.mp4,household,0,0
440826,12,clip_household_video_0_001.mp4,household,1,1
440826,13,clip_household_video_0_001.mp4,household,1,1
440826,14,clip_household_video_0_001.mp4,household,1,1
440826,15,clip_household_video_0_001.mp4,household,0,0
440826,16,clip_household_video_0_001.mp4,household,0,0
440826,17,clip_household_video_0_001.mp4,household,0,0
440826,18,clip_household_video_0_001.mp4,household,1,1
440826,19,clip_household_video_0_001.mp4,household,1,1
440826,20,clip_household_video_14_000.mp4,household,1,0
440826,21,clip_household_video_14_000.mp4,household,1,1
440826,22,clip_household_video_14_000.mp4,household,1,1
440826,23,clip_household_video_14_000.mp4,household,1,1
440826,24,clip_household_video_14_000.mp4,household,1,1
440826,25,clip_household_video_14_000.mp4,household,0,0
440826,26,clip_household_video_14_000.mp4,household,1,1
440826,27,clip_household_video_14_000.mp4,household,1,1
440826,28,clip_household_video_14_000.mp4,household,1,1
440826,29,clip_household_video_14_000.mp4,household,1,1
440826,30,clip_household_video_14_000.mp4,household,0,0
440826,31,clip_household_video_14_000.mp4,household,1,1
440826,32,clip_household_video_14_000.mp4,household,1,1
440826,33,clip_household_video_14_000.mp4,household,0,0
440826,34,clip_household_video_14_000.mp4,household,0,0
440826,35,clip_household_video_14_000.mp4,household,1,1
440826,36,clip_household_video_14_000.mp4,household,1,1
440826,37,clip_household_video_14_000.mp4,household,0,0
440826,38,clip_household_video_14_000.mp4,household,1,1
440826,39,clip_household_video_14_000.mp4,household,0,1
440826,40,clip_household_video_14_000.mp4,household,0,0
440826,41,clip_household_video_14_000.mp4,household,1,1
440826,42,clip_household_video_14_000.mp4,household,0,0
440826,43,clip_household_video_14_000.mp4,household,0,0
440826,44,clip_household_video_14_000.mp4,household,1,1
440826,45,clip_household_video_14_000.mp4,household,1,1
440826,46,clip_household_video_14_000.mp4,household,1,1
440826,47,clip_household_video_14_000.mp4,household,1,0
440826,48,clip_household_video_14_000.mp4,household,0,0
440826,49,clip_household_video_14_000.mp4,household,1,1
440826,50,clip_household_video_14_001.mp4,household,0,0
440826,51,clip_household_video_14_001.mp4,household,0,0
440826,52,clip_household_video_14_001.mp4,household,1,1
440826,53,clip_household_video_14_001.mp4,household,0,1
440826,54,clip_household_video_14_001.mp4,household,1,0
440826,55,clip_household_video_14_001.mp4,household,1,1
440826,56,clip_household_video_14_001.mp4,household,0,0
440826,57,clip_household_video_14_001.mp4,household,0,0
440826,58,clip_household_video_14_001.mp4,household,1,0
440826,59,clip_household_video_14_001.mp4,household,0,0
440826,60,clip_household_video_14_001.mp4,household,0,0
440826,61,clip_household_video_14_001.mp4,household,0,0
440826,62,clip_household_video_14_001.mp4,household,0,0
440826,63,clip_household_video_14_002.mp4,household,0,1
440826,64,clip_household_video_14_002.mp4,household,1,0
440826,65,clip_household_video_14_002.mp4,household,1,1
440826,66,clip_household_video_14_002.mp4,household,1,0
440826,67,clip_household_video_14_002.mp4,household,0,0
440826,68,clip_household_video_14_002.mp4,household,1,1
440826,69,clip_household_video_14_002.mp4,household,1,1
440826,70,clip_household_video_14_002.mp4,household,0,0
440826,71,clip_household_video_14_002.mp4,household,0,0
440826,72,clip_household_video_14_002.mp4,household,0,0
440826,73,clip_household_video_14_002.mp4,household,1,1
440826,74,clip_household_video_14_002.mp4,household,0,0
440826,75,clip_household_video_14_002.mp4,household,1,1
440826,76,clip_household_video_14_002.mp4,household,1,1
440826,77,clip_household_video_14_003.mp4,household,0,1
440826,78,clip_household_video_14_003.mp4,household,0,0
440826,79,clip_av_video_0_000.mp4,av,1,1
440826,80,clip_av_video_0_000.mp4,av,0,0
440826,81,clip_av_video_0_000.mp4,av,1,0
440826,82,clip_av_video_0_000.mp4,av,0,0
440826,83,clip_av_video_0_000.mp4,av,0,0
440826,84,clip_av_video_0_001.mp4,av,0,0
440826,85,clip_av_video_0_001.mp4,av,1,1
440826,86,clip_av_video_0_001.mp4,av,0,0
440826,87,clip_av_video_0_002.mp4,av,1,1
440826,88,clip_av_video_0_003.mp4,av,0,0
440826,89,clip_av_video_0_003.mp4,av,0,0
440826,90,clip_av_video_5_000.mp4,av,0,0
440826,91,clip_av_video_5_001.mp4,av,1,1
440826,92,clip_av_video_5_001.mp4,av,1,1
440826,93,clip_av_video_5_002.mp4,av,0,0
440826,94,clip_av_video_5_002.mp4,av,1,1
440826,95,clip_av_video_5_002.mp4,av,0,0
440826,96,clip_av_video_5_002.mp4,av,0,0
440826,97,clip_av_video_5_002.mp4,av,0,0
440826,98,clip_av_video_5_003.mp4,av,1,1
440826,99,clip_av_video_25_000.mp4,av,1,1
440826,100,clip_av_video_25_000.mp4,av,0,0
440826,101,clip_av_video_25_000.mp4,av,1,1
440826,102,clip_av_video_25_000.mp4,av,1,1
440826,103,clip_av_video_25_000.mp4,av,1,0
440826,104,clip_av_video_25_000.mp4,av,0,0
440826,105,clip_av_video_25_001.mp4,av,0,0
440826,106,clip_av_video_25_001.mp4,av,0,0
440826,107,clip_av_video_23_000.mp4,av,1,1
440826,108,clip_av_video_23_001.mp4,av,0,0
440826,109,clip_av_video_23_001.mp4,av,0,0
440826,110,clip_av_video_23_001.mp4,av,0,0
440826,111,clip_av_video_23_001.mp4,av,0,0
440826,112,clip_av_video_23_002.mp4,av,1,1
440826,113,clip_household_video_16_000.mp4,household,0,1
440826,114,clip_household_video_16_001.mp4,household,0,0
440826,115,clip_household_video_16_001.mp4,household,0,0
440826,116,clip_household_video_16_001.mp4,household,0,0
440826,117,clip_household_video_17_000.mp4,household,0,0
440826,118,clip_household_video_17_000.mp4,household,0,1
440826,119,clip_household_video_17_000.mp4,household,1,1
440826,120,clip_household_video_17_000.mp4,household,1,1
440826,121,clip_household_video_17_000.mp4,household,1,1
440826,122,clip_household_video_17_000.mp4,household,1,1
440826,123,clip_household_video_17_000.mp4,household,1,0
440826,124,clip_household_video_17_000.mp4,household,1,1
440826,125,clip_household_video_17_000.mp4,household,0,0
440826,126,clip_av_video_10_000.mp4,av,1,1
440826,127,clip_av_video_10_000.mp4,av,1,1
440826,128,clip_av_video_10_000.mp4,av,1,1
440826,129,clip_av_video_10_001.mp4,av,1,1
440826,130,clip_av_video_10_001.mp4,av,0,0
440826,131,clip_av_video_1_001.mp4,av,1,1
440826,132,clip_av_video_6_000.mp4,av,0,0
440826,133,clip_av_video_6_000.mp4,av,0,0
440826,134,clip_av_video_6_000.mp4,av,0,1
440826,135,clip_av_video_6_001.mp4,av,0,0
440826,136,clip_av_video_16_000.mp4,av,0,0
440826,137,clip_av_video_16_000.mp4,av,0,0
440826,138,clip_av_video_16_000.mp4,av,0,0
440826,139,clip_av_video_16_000.mp4,av,1,1
440826,140,clip_av_video_16_000.mp4,av,1,1
440826,141,clip_av_video_16_000.mp4,av,0,0
440826,142,clip_av_video_16_001.mp4,av,0,0
440826,143,clip_av_video_16_001.mp4,av,0,0
440826,144,clip_av_video_16_001.mp4,av,1,1
440826,145,clip_av_video_16_001.mp4,av,1,1
440826,146,clip_av_video_16_001.mp4,av,0,0
440826,147,clip_av_video_16_001.mp4,av,0,0
440826,148,clip_av_video_16_002.mp4,av,1,1
440826,149,clip_av_video_16_002.mp4,av,0,0
440826,150,clip_av_video_16_002.mp4,av,0,0
440826,151,clip_household_video_19_000.mp4,household,0,0
440826,152,clip_household_video_19_000.mp4,household,0,1
440826,153,clip_household_video_19_000.mp4,household,0,0
440826,154,clip_household_video_19_001.mp4,household,0,0
440826,155,clip_household_video_19_001.mp4,household,1,1
440826,156,clip_household_video_19_003.mp4,household,1,1
440826,157,clip_household_video_19_003.mp4,household,1,1
440826,158,clip_household_video_19_003.mp4,household,0,0
440826,159,clip_household_video_19_004.mp4,household,1,1
440826,160,clip_household_video_19_004.mp4,household,0,0
440826,161,clip_av_video_19_000.mp4,av,1,1
440826,162,clip_av_video_19_000.mp4,av,1,1
440826,163,clip_av_video_19_001.mp4,av,0,1
440826,164,clip_av_video_19_001.mp4,av,1,1
440826,165,clip_av_video_2_000.mp4,av,1,1
440826,166,clip_av_video_2_000.mp4,av,1,1
440826,167,clip_av_video_2_000.mp4,av,0,0
440826,168,clip_av_video_2_000.mp4,av,0,0
440826,169,clip_av_video_2_000.mp4,av,0,0
440826,170,clip_av_video_2_001.mp4,av,0,0
440826,171,clip_av_video_2_001.mp4,av,0,0
440826,172,clip_av_video_2_002.mp4,av,0,0
440826,173,clip_av_video_2_002.mp4,av,0,0
440826,174,clip_av_video_2_002.mp4,av,1,0
440826,175,clip_av_video_2_002.mp4,av,0,0
440826,176,clip_av_video_2_002.mp4,av,0,0
440826,177,clip_household_video_11_000.mp4,household,0,0
440826,178,clip_household_video_11_002.mp4,household,1,1
440826,179,clip_av_video_8_000.mp4,av,0,0
440826,180,clip_av_video_8_001.mp4,av,1,1
440826,181,clip_av_video_14_000.mp4,av,1,1
440826,182,clip_av_video_14_001.mp4,av,0,0
440826,183,clip_av_video_24_000.mp4,av,1,1
440826,184,clip_av_video_24_001.mp4,av,1,1
440826,185,clip_av_video_24_002.mp4,av,0,1
440826,186,clip_av_video_24_002.mp4,av,1,1
440826,187,clip_av_video_24_002.mp4,av,1,1
440826,188,clip_av_video_24_004.mp4,av,1,1
440826,189,clip_av_video_24_005.mp4,av,1,1
440826,190,clip_av_video_24_006.mp4,av,0,0
440826,191,clip_household_video_4_000.mp4,household,1,0
440826,192,clip_household_video_4_000.mp4,household,1,1
440826,193,clip_av_video_12_000.mp4,av,0,0
440826,194,clip_av_video_12_001.mp4,av,1,1
440826,195,clip_av_video_12_001.mp4,av,0,0
440826,196,clip_av_video_12_001.mp4,av,0,0
440826,197,clip_household_video_9_000.mp4,household,1,1
440826,198,clip_av_video_9_000.mp4,av,1,1
440826,199,clip_av_video_9_000.mp4,av,1,1
440826,200,clip_av_video_9_001.mp4,av,0,0
440826,201,clip_av_video_9_001.mp4,av,1,1
440826,202,clip_av_video_9_001.mp4,av,1,1
440826,203,clip_av_video_9_002.mp4,av,1,1
440826,204,clip_av_video_9_002.mp4,av,1,1
440826,205,clip_av_video_9_002.mp4,av,0,0
440826,206,clip_av_video_21_001.mp4,av,1,1
440826,207,clip_av_video_4_000.mp4,av,1,1
440826,208,clip_av_video_7_000.mp4,av,1,1
440826,209,clip_av_video_7_001.mp4,av,0,0
440826,210,clip_av_video_13_000.mp4,av,0,0
440826,211,clip_av_video_13_000.mp4,av,0,0
440826,212,clip_av_video_13_000.mp4,av,1,1
440826,213,clip_av_video_13_001.mp4,av,0,0
440826,214,clip_av_video_13_001.mp4,av,0,0
440826,215,clip_av_video_13_002.mp4,av,1,1
440826,216,clip_av_video_13_002.mp4,av,0,0
440826,217,clip_av_video_13_002.mp4,av,1,1
440826,218,clip_av_video_13_002.mp4,av,1,1
440826,219,clip_av_video_13_002.mp4,av,1,1
440826,220,clip_av_video_13_002.mp4,av,1,1
440826,221,clip_av_video_13_002.mp4,av,1,1
440826,222,clip_av_video_13_003.mp4,av,1,1
440826,223,clip_av_video_13_003.mp4,av,1,0
440826,224,clip_av_video_13_003.mp4,av,0,0
440826,225,clip_av_video_13_003.mp4,av,1,1
440826,226,clip_av_video_13_003.mp4,av,0,0
440826,227,clip_av_video_13_004.mp4,av,1,1
440826,228,clip_av_video_20_000.mp4,av,0,0
440826,229,clip_av_video_11_000.mp4,av,1,1
440826,230,clip_av_video_13_004.mp4,av,1,1
440826,231,clip_av_video_14_000.mp4,av,1,1
440826,232,clip_av_video_1_000.mp4,av,0,0
440826,233,clip_av_video_20_000.mp4,av,1,1
440826,234,clip_av_video_21_000.mp4,av,0,0
440826,235,clip_av_video_21_001.mp4,av,1,0
440826,236,clip_av_video_24_000.mp4,av,0,0
440826,237,clip_av_video_24_001.mp4,av,1,1
440826,238,clip_av_video_24_004.mp4,av,0,0
440826,239,clip_av_video_24_005.mp4,av,0,0
440826,240,clip_av_video_4_000.mp4,av,1,1
440826,241,clip_av_video_6_001.mp4,av,0,0
440826,242,clip_av_video_7_000.mp4,av,1,1
440826,243,clip_av_video_7_001.mp4,av,0,0
440826,244,clip_av_video_9_001.mp4,av,1,0
440826,245,clip_household_video_11_000.mp4,household,0,0
440826,246,clip_household_video_17_000.mp4,household,0,0
440826,247,clip_household_video_17_000.mp4,household,0,0
440826,248,clip_household_video_17_000.mp4,household,1,1
440826,249,clip_household_video_17_001.mp4,household,0,0
440826,250,clip_household_video_17_001.mp4,household,1,0
440826,251,clip_household_video_19_000.mp4,household,1,1
440826,252,clip_household_video_19_001.mp4,household,1,1
440826,253,clip_household_video_19_002.mp4,household,1,1
440826,254,clip_household_video_19_002.mp4,household,1,1
440826,255,clip_household_video_19_003.mp4,household,0,0
440826,256,clip_household_video_19_004.mp4,household,0,0
440826,257,clip_household_video_19_005.mp4,household,0,0
440826,258,clip_household_video_19_005.mp4,household,0,0
440826,259,clip_household_video_19_005.mp4,household,0,0
440826,260,clip_household_video_19_006.mp4,household,1,1
440826,261,clip_household_video_19_006.mp4,household,1,1
440826,262,clip_household_video_19_006.mp4,household,1,1
440826,263,clip_household_video_4_000.mp4,household,1,1
440826,264,clip_household_video_4_000.mp4,household,0,0
440826,265,clip_household_video_9_000.mp4,household,0,0
440826,266,clip_household_video_9_000.mp4,household,0,0
440826,267,clip_household_video_9_000.mp4,household,1,1
440827,0,clip_av_video_3_000.mp4,av,1,1
440827,1,clip_av_video_3_000.mp4,av,0,0
440827,2,clip_av_video_3_000.mp4,av,0,0
440827,3,clip_av_video_3_000.mp4,av,0,0
440827,4,clip_av_video_3_000.mp4,av,0,0
440827,5,clip_av_video_3_001.mp4,av,0,1
440827,6,clip_av_video_3_001.mp4,av,0,1
440827,7,clip_av_video_3_001.mp4,av,0,1
440827,8,clip_household_video_0_000.mp4,household,1,1
440827,9,clip_household_video_0_000.mp4,household,0,0
440827,10,clip_household_video_0_000.mp4,household,1,0
440827,11,clip_household_video_0_000.mp4,household,0,0
440827,12,clip_household_video_0_001.mp4,household,1,1
440827,13,clip_household_video_0_001.mp4,household,1,1
440827,14,clip_household_video_0_001.mp4,household,1,1
440827,15,clip_household_video_0_001.mp4,household,0,0
440827,16,clip_household_video_0_001.mp4,household,0,0
440827,17,clip_household_video_0_001.mp4,household,0,0
440827,18,clip_household_video_0_001.mp4,household,1,1
440827,19,clip_household_video_0_001.mp4,household,1,1
440827,20,clip_household_video_14_000.mp4,household,0,0
440827,21,clip_household_video_14_000.mp4,household,1,1
440827,22,clip_household_video_14_000.mp4,household,1,1
440827,23,clip_household_video_14_000.mp4,household,1,1
440827,24,clip_household_video_14_000.mp4,household,1,1
440827,25,clip_household_video_14_000.mp4,household,0,0
440827,26,clip_household_video_14_000.mp4,household,1,1
440827,27,clip_household_video_14_000.mp4,household,1,1
440827,28,clip_household_video_14_000.mp4,household,1,1
440827,29,clip_household_video_14_000.mp4,household,1,1
440827,30,clip_household_video_14_000.mp4,household,0,0
440827,31,clip_household_video_14_000.mp4,household,1,1
440827,32,clip_household_video_14_000.mp4,household,1,1
440827,33,clip_household_video_14_000.mp4,household,0,0
440827,34,clip_household_video_14_000.mp4,household,0,0
440827,35,clip_household_video_14_000.mp4,household,1,1
440827,36,clip_household_video_14_000.mp4,household,1,1
440827,37,clip_household_video_14_000.mp4,household,0,0
440827,38,clip_household_video_14_000.mp4,household,1,1
440827,39,clip_household_video_14_000.mp4,household,0,1
440827,40,clip_household_video_14_000.mp4,household,0,0
440827,41,clip_household_video_14_000.mp4,household,1,1
440827,42,clip_household_video_14_000.mp4,household,0,0
440827,43,clip_household_video_14_000.mp4,household,0,0
440827,44,clip_household_video_14_000.mp4,household,1,1
440827,45,clip_household_video_14_000.mp4,household,1,1
440827,46,clip_household_video_14_000.mp4,household,1,1
440827,47,clip_household_video_14_000.mp4,household,1,0
440827,48,clip_household_video_14_000.mp4,household,0,0
440827,49,clip_household_video_14_000.mp4,household,1,1
440827,50,clip_household_video_14_001.mp4,household,0,0
440827,51,clip_household_video_14_001.mp4,household,0,0
440827,52,clip_household_video_14_001.mp4,household,1,1
440827,53,clip_household_video_14_001.mp4,household,0,1
440827,54,clip_household_video_14_001.mp4,household,1,0
440827,55,clip_household_video_14_001.mp4,household,1,1
440827,56,clip_household_video_14_001.mp4,household,0,0
440827,57,clip_household_video_14_001.mp4,household,0,0
440827,58,clip_household_video_14_001.mp4,household,1,0
440827,59,clip_household_video_14_001.mp4,household,0,0
440827,60,clip_household_video_14_001.mp4,household,0,0
440827,61,clip_household_video_14_001.mp4,household,0,0
440827,62,clip_household_video_14_001.mp4,household,0,0
440827,63,clip_household_video_14_002.mp4,household,1,1
440827,64,clip_household_video_14_002.mp4,household,1,0
440827,65,clip_household_video_14_002.mp4,household,1,1
440827,66,clip_household_video_14_002.mp4,household,1,0
440827,67,clip_household_video_14_002.mp4,household,0,0
440827,68,clip_household_video_14_002.mp4,household,1,1
440827,69,clip_household_video_14_002.mp4,household,1,1
440827,70,clip_household_video_14_002.mp4,household,0,0
440827,71,clip_household_video_14_002.mp4,household,0,0
440827,72,clip_household_video_14_002.mp4,household,0,0
440827,73,clip_household_video_14_002.mp4,household,1,1
440827,74,clip_household_video_14_002.mp4,household,0,0
440827,75,clip_household_video_14_002.mp4,household,1,1
440827,76,clip_household_video_14_002.mp4,household,1,1
440827,77,clip_household_video_14_003.mp4,household,0,1
440827,78,clip_household_video_14_003.mp4,household,0,0
440827,79,clip_av_video_0_000.mp4,av,1,1
440827,80,clip_av_video_0_000.mp4,av,0,0
440827,81,clip_av_video_0_000.mp4,av,1,0
440827,82,clip_av_video_0_000.mp4,av,0,0
440827,83,clip_av_video_0_000.mp4,av,0,0
440827,84,clip_av_video_0_001.mp4,av,0,0
440827,85,clip_av_video_0_001.mp4,av,1,1
440827,86,clip_av_video_0_001.mp4,av,0,0
440827,87,clip_av_video_0_002.mp4,av,1,1
440827,88,clip_av_video_0_003.mp4,av,0,0
440827,89,clip_av_video_0_003.mp4,av,0,0
440827,90,clip_av_video_5_000.mp4,av,0,0
440827,91,clip_av_video_5_001.mp4,av,1,1
440827,92,clip_av_video_5_001.mp4,av,1,1
440827,93,clip_av_video_5_002.mp4,av,0,0
440827,94,clip_av_video_5_002.mp4,av,1,1
440827,95,clip_av_video_5_002.mp4,av,0,0
440827,96,clip_av_video_5_002.mp4,av,0,0
440827,97,clip_av_video_5_002.mp4,av,0,0
440827,98,clip_av_video_5_003.mp4,av,1,1
440827,99,clip_av_video_25_000.mp4,av,1,1
440827,100,clip_av_video_25_000.mp4,av,0,0
440827,101,clip_av_video_25_000.mp4,av,1,1
440827,102,clip_av_video_25_000.mp4,av,1,1
440827,103,clip_av_video_25_000.mp4,av,1,0
440827,104,clip_av_video_25_000.mp4,av,0,0
440827,105,clip_av_video_25_001.mp4,av,0,0
440827,106,clip_av_video_25_001.mp4,av,0,0
440827,107,clip_av_video_23_000.mp4,av,1,1
440827,108,clip_av_video_23_001.mp4,av,0,0
440827,109,clip_av_video_23_001.mp4,av,0,0
440827,110,clip_av_video_23_001.mp4,av,0,0
440827,111,clip_av_video_23_001.mp4,av,0,0
440827,112,clip_av_video_23_002.mp4,av,1,1
440827,113,clip_household_video_16_000.mp4,household,0,1
440827,114,clip_household_video_16_001.mp4,household,0,0
440827,115,clip_household_video_16_001.mp4,household,0,0
440827,116,clip_household_video_16_001.mp4,household,0,0
440827,117,clip_household_video_17_000.mp4,household,0,0
440827,118,clip_household_video_17_000.mp4,household,0,1
440827,119,clip_household_video_17_000.mp4,household,1,1
440827,120,clip_household_video_17_000.mp4,household,1,1
440827,121,clip_household_video_17_000.mp4,household,1,1
440827,122,clip_household_video_17_000.mp4,household,1,1
440827,123,clip_household_video_17_000.mp4,household,1,0
440827,124,clip_household_video_17_000.mp4,household,1,1
440827,125,clip_household_video_17_000.mp4,household,0,0
440827,126,clip_av_video_10_000.mp4,av,1,1
440827,127,clip_av_video_10_000.mp4,av,1,1
440827,128,clip_av_video_10_000.mp4,av,1,1
440827,129,clip_av_video_10_001.mp4,av,1,1
440827,130,clip_av_video_10_001.mp4,av,0,0
440827,131,clip_av_video_1_001.mp4,av,1,1
440827,132,clip_av_video_6_000.mp4,av,0,0
440827,133,clip_av_video_6_000.mp4,av,0,0
440827,134,clip_av_video_6_000.mp4,av,1,1
440827,135,clip_av_video_6_001.mp4,av,0,0
440827,136,clip_av_video_16_000.mp4,av,0,0
440827,137,clip_av_video_16_000.mp4,av,0,0
440827,138,clip_av_video_16_000.mp4,av,0,0
440827,139,clip_av_video_16_000.mp4,av,1,1
440827,140,clip_av_video_16_000.mp4,av,1,1
440827,141,clip_av_video_16_000.mp4,av,0,0
440827,142,clip_av_video_16_001.mp4,av,0,0
440827,143,clip_av_video_16_001.mp4,av,0,0
440827,144,clip_av_video_16_001.mp4,av,1,1
440827,145,clip_av_video_16_001.mp4,av,1,1
440827,146,clip_av_video_16_001.mp4,av,0,0
440827,147,clip_av_video_16_001.mp4,av,0,0
440827,148,clip_av_video_16_002.mp4,av,1,1
440827,149,clip_av_video_16_002.mp4,av,0,0
440827,150,clip_av_video_16_002.mp4,av,0,0
440827,151,clip_household_video_19_000.mp4,household,0,0
440827,152,clip_household_video_19_000.mp4,household,0,1
440827,153,clip_household_video_19_000.mp4,household,0,0
440827,154,clip_household_video_19_001.mp4,household,0,0
440827,155,clip_household_video_19_001.mp4,household,1,1
440827,156,clip_household_video_19_003.mp4,household,1,1
440827,157,clip_household_video_19_003.mp4,household,1,1
440827,158,clip_household_video_19_003.mp4,household,0,0
440827,159,clip_household_video_19_004.mp4,household,1,1
440827,160,clip_household_video_19_004.mp4,household,0,0
440827,161,clip_av_video_19_000.mp4,av,1,1
440827,162,clip_av_video_19_000.mp4,av,1,1
440827,163,clip_av_video_19_001.mp4,av,0,1
440827,164,clip_av_video_19_001.mp4,av,1,1
440827,165,clip_av_video_2_000.mp4,av,1,1
440827,166,clip_av_video_2_000.mp4,av,1,1
440827,167,clip_av_video_2_000.mp4,av,0,0
440827,168,clip_av_video_2_000.mp4,av,0,0
440827,169,clip_av_video_2_000.mp4,av,0,0
440827,170,clip_av_video_2_001.mp4,av,0,0
440827,171,clip_av_video_2_001.mp4,av,0,0
440827,172,clip_av_video_2_002.mp4,av,0,0
440827,173,clip_av_video_2_002.mp4,av,0,0
440827,174,clip_av_video_2_002.mp4,av,1,0
440827,175,clip_av_video_2_002.mp4,av,0,0
440827,176,clip_av_video_2_002.mp4,av,0,0
440827,177,clip_household_video_11_000.mp4,household,0,0
440827,178,clip_household_video_11_002.mp4,household,1,1
440827,179,clip_av_video_8_000.mp4,av,0,0
440827,180,clip_av_video_8_001.mp4,av,1,1
440827,181,clip_av_video_14_000.mp4,av,1,1
440827,182,clip_av_video_14_001.mp4,av,0,0
440827,183,clip_av_video_24_000.mp4,av,1,1
440827,184,clip_av_video_24_001.mp4,av,1,1
440827,185,clip_av_video_24_002.mp4,av,0,1
440827,186,clip_av_video_24_002.mp4,av,1,1
440827,187,clip_av_video_24_002.mp4,av,1,1
440827,188,clip_av_video_24_004.mp4,av,1,1
440827,189,clip_av_video_24_005.mp4,av,1,1
440827,190,clip_av_video_24_006.mp4,av,0,0
440827,191,clip_household_video_4_000.mp4,household,1,0
440827,192,clip_household_video_4_000.mp4,household,0,1
440827,193,clip_av_video_12_000.mp4,av,0,0
440827,194,clip_av_video_12_001.mp4,av,1,1
440827,195,clip_av_video_12_001.mp4,av,0,0
440827,196,clip_av_video_12_001.mp4,av,0,0
440827,197,clip_household_video_9_000.mp4,household,1,1
440827,198,clip_av_video_9_000.mp4,av,1,1
440827,199,clip_av_video_9_000.mp4,av,1,1
440827,200,clip_av_video_9_001.mp4,av,0,0
440827,201,clip_av_video_9_001.mp4,av,1,1
440827,202,clip_av_video_9_001.mp4,av,1,1
440827,203,clip_av_video_9_002.mp4,av,1,1
440827,204,clip_av_video_9_002.mp4,av,1,1
440827,205,clip_av_video_9_002.mp4,av,0,0
440827,206,clip_av_video_21_001.mp4,av,1,1
440827,207,clip_av_video_4_000.mp4,av,1,1
440827,208,clip_av_video_7_000.mp4,av,1,1
440827,209,clip_av_video_7_001.mp4,av,0,0
440827,210,clip_av_video_13_000.mp4,av,0,0
440827,211,clip_av_video_13_000.mp4,av,0,0
440827,212,clip_av_video_13_000.mp4,av,1,1
440827,213,clip_av_video_13_001.mp4,av,0,0
440827,214,clip_av_video_13_001.mp4,av,0,0
440827,215,clip_av_video_13_002.mp4,av,1,1
440827,216,clip_av_video_13_002.mp4,av,0,0
440827,217,clip_av_video_13_002.mp4,av,1,1
440827,218,clip_av_video_13_002.mp4,av,1,1
440827,219,clip_av_video_13_002.mp4,av,1,1
440827,220,clip_av_video_13_002.mp4,av,1,1
440827,221,clip_av_video_13_002.mp4,av,1,1
440827,222,clip_av_video_13_003.mp4,av,1,1
440827,223,clip_av_video_13_003.mp4,av,0,0
440827,224,clip_av_video_13_003.mp4,av,0,0
440827,225,clip_av_video_13_003.mp4,av,1,1
440827,226,clip_av_video_13_003.mp4,av,0,0
440827,227,clip_av_video_13_004.mp4,av,1,1
440827,228,clip_av_video_20_000.mp4,av,0,0
440827,229,clip_av_video_11_000.mp4,av,1,1
440827,230,clip_av_video_13_004.mp4,av,1,1
440827,231,clip_av_video_14_000.mp4,av,1,1
440827,232,clip_av_video_1_000.mp4,av,0,0
440827,233,clip_av_video_20_000.mp4,av,1,1
440827,234,clip_av_video_21_000.mp4,av,0,0
440827,235,clip_av_video_21_001.mp4,av,0,0
440827,236,clip_av_video_24_000.mp4,av,0,0
440827,237,clip_av_video_24_001.mp4,av,1,1
440827,238,clip_av_video_24_004.mp4,av,0,0
440827,239,clip_av_video_24_005.mp4,av,0,0
440827,240,clip_av_video_4_000.mp4,av,1,1
440827,241,clip_av_video_6_001.mp4,av,0,0
440827,242,clip_av_video_7_000.mp4,av,1,1
440827,243,clip_av_video_7_001.mp4,av,0,0
440827,244,clip_av_video_9_001.mp4,av,1,0
440827,245,clip_household_video_11_000.mp4,household,0,0
440827,246,clip_household_video_17_000.mp4,household,0,0
440827,247,clip_household_video_17_000.mp4,household,0,0
440827,248,clip_household_video_17_000.mp4,household,1,1
440827,249,clip_household_video_17_001.mp4,household,0,0
440827,250,clip_household_video_17_001.mp4,household,1,0
440827,251,clip_household_video_19_000.mp4,household,1,1
440827,252,clip_household_video_19_001.mp4,household,1,1
440827,253,clip_household_video_19_002.mp4,household,1,1
440827,254,clip_household_video_19_002.mp4,household,1,1
440827,255,clip_household_video_19_003.mp4,household,0,0
440827,256,clip_household_video_19_004.mp4,household,0,0
440827,257,clip_household_video_19_005.mp4,household,0,0
440827,258,clip_household_video_19_005.mp4,household,0,0
440827,259,clip_household_video_19_005.mp4,household,0,0
440827,260,clip_household_video_19_006.mp4,household,1,1
440827,261,clip_household_video_19_006.mp4,household,1,1
440827,262,clip_household_video_19_006.mp4,household,1,1
440827,263,clip_household_video_4_000.mp4,household,1,1
440827,264,clip_household_video_4_000.mp4,household,0,0
440827,265,clip_household_video_9_000.mp4,household,0,0
440827,266,clip_household_video_9_000.mp4,household,0,0
440827,267,clip_household_video_9_000.mp4,household,1,1
440828,0,clip_av_video_3_000.mp4,av,1,1
440828,1,clip_av_video_3_000.mp4,av,1,0
440828,2,clip_av_video_3_000.mp4,av,0,0
440828,3,clip_av_video_3_000.mp4,av,0,0
440828,4,clip_av_video_3_000.mp4,av,0,0
440828,5,clip_av_video_3_001.mp4,av,0,1
440828,6,clip_av_video_3_001.mp4,av,1,1
440828,7,clip_av_video_3_001.mp4,av,0,1
440828,8,clip_household_video_0_000.mp4,household,1,1
440828,9,clip_household_video_0_000.mp4,household,0,0
440828,10,clip_household_video_0_000.mp4,household,1,0
440828,11,clip_household_video_0_000.mp4,household,0,0
440828,12,clip_household_video_0_001.mp4,household,1,1
440828,13,clip_household_video_0_001.mp4,household,1,1
440828,14,clip_household_video_0_001.mp4,household,1,1
440828,15,clip_household_video_0_001.mp4,household,0,0
440828,16,clip_household_video_0_001.mp4,household,0,0
440828,17,clip_household_video_0_001.mp4,household,0,0
440828,18,clip_household_video_0_001.mp4,household,1,1
440828,19,clip_household_video_0_001.mp4,household,1,1
440828,20,clip_household_video_14_000.mp4,household,1,0
440828,21,clip_household_video_14_000.mp4,household,1,1
440828,22,clip_household_video_14_000.mp4,household,1,1
440828,23,clip_household_video_14_000.mp4,household,1,1
440828,24,clip_household_video_14_000.mp4,household,1,1
440828,25,clip_household_video_14_000.mp4,household,0,0
440828,26,clip_household_video_14_000.mp4,household,1,1
440828,27,clip_household_video_14_000.mp4,household,1,1
440828,28,clip_household_video_14_000.mp4,household,1,1
440828,29,clip_household_video_14_000.mp4,household,1,1
440828,30,clip_household_video_14_000.mp4,household,0,0
440828,31,clip_household_video_14_000.mp4,household,1,1
440828,32,clip_household_video_14_000.mp4,household,1,1
440828,33,clip_household_video_14_000.mp4,household,0,0
440828,34,clip_household_video_14_000.mp4,household,0,0
440828,35,clip_household_video_14_000.mp4,household,1,1
440828,36,clip_household_video_14_000.mp4,household,1,1
440828,37,clip_household_video_14_000.mp4,household,0,0
440828,38,clip_household_video_14_000.mp4,household,0,1
440828,39,clip_household_video_14_000.mp4,household,0,1
440828,40,clip_household_video_14_000.mp4,household,0,0
440828,41,clip_household_video_14_000.mp4,household,1,1
440828,42,clip_household_video_14_000.mp4,household,0,0
440828,43,clip_household_video_14_000.mp4,household,0,0
440828,44,clip_household_video_14_000.mp4,household,1,1
440828,45,clip_household_video_14_000.mp4,household,1,1
440828,46,clip_household_video_14_000.mp4,household,1,1
440828,47,clip_household_video_14_000.mp4,household,1,0
440828,48,clip_household_video_14_000.mp4,household,0,0
440828,49,clip_household_video_14_000.mp4,household,1,1
440828,50,clip_household_video_14_001.mp4,household,0,0
440828,51,clip_household_video_14_001.mp4,household,0,0
440828,52,clip_household_video_14_001.mp4,household,1,1
440828,53,clip_household_video_14_001.mp4,household,0,1
440828,54,clip_household_video_14_001.mp4,household,1,0
440828,55,clip_household_video_14_001.mp4,household,1,1
440828,56,clip_household_video_14_001.mp4,household,0,0
440828,57,clip_household_video_14_001.mp4,household,0,0
440828,58,clip_household_video_14_001.mp4,household,1,0
440828,59,clip_household_video_14_001.mp4,household,0,0
440828,60,clip_household_video_14_001.mp4,household,0,0
440828,61,clip_household_video_14_001.mp4,household,0,0
440828,62,clip_household_video_14_001.mp4,household,0,0
440828,63,clip_household_video_14_002.mp4,household,1,1
440828,64,clip_household_video_14_002.mp4,household,1,0
440828,65,clip_household_video_14_002.mp4,household,1,1
440828,66,clip_household_video_14_002.mp4,household,1,0
440828,67,clip_household_video_14_002.mp4,household,0,0
440828,68,clip_household_video_14_002.mp4,household,1,1
440828,69,clip_household_video_14_002.mp4,household,1,1
440828,70,clip_household_video_14_002.mp4,household,0,0
440828,71,clip_household_video_14_002.mp4,household,0,0
440828,72,clip_household_video_14_002.mp4,household,0,0
440828,73,clip_household_video_14_002.mp4,household,1,1
440828,74,clip_household_video_14_002.mp4,household,0,0
440828,75,clip_household_video_14_002.mp4,household,1,1
440828,76,clip_household_video_14_002.mp4,household,1,1
440828,77,clip_household_video_14_003.mp4,household,0,1
440828,78,clip_household_video_14_003.mp4,household,0,0
440828,79,clip_av_video_0_000.mp4,av,1,1
440828,80,clip_av_video_0_000.mp4,av,0,0
440828,81,clip_av_video_0_000.mp4,av,1,0
440828,82,clip_av_video_0_000.mp4,av,0,0
440828,83,clip_av_video_0_000.mp4,av,0,0
440828,84,clip_av_video_0_001.mp4,av,0,0
440828,85,clip_av_video_0_001.mp4,av,1,1
440828,86,clip_av_video_0_001.mp4,av,0,0
440828,87,clip_av_video_0_002.mp4,av,1,1
440828,88,clip_av_video_0_003.mp4,av,0,0
440828,89,clip_av_video_0_003.mp4,av,0,0
440828,90,clip_av_video_5_000.mp4,av,0,0
440828,91,clip_av_video_5_001.mp4,av,1,1
440828,92,clip_av_video_5_001.mp4,av,1,1
440828,93,clip_av_video_5_002.mp4,av,0,0
440828,94,clip_av_video_5_002.mp4,av,1,1
440828,95,clip_av_video_5_002.mp4,av,0,0
440828,96,clip_av_video_5_002.mp4,av,0,0
440828,97,clip_av_video_5_002.mp4,av,0,0
440828,98,clip_av_video_5_003.mp4,av,1,1
440828,99,clip_av_video_25_000.mp4,av,1,1
440828,100,clip_av_video_25_000.mp4,av,0,0
440828,101,clip_av_video_25_000.mp4,av,1,1
440828,102,clip_av_video_25_000.mp4,av,1,1
440828,103,clip_av_video_25_000.mp4,av,1,0
440828,104,clip_av_video_25_000.mp4,av,0,0
440828,105,clip_av_video_25_001.mp4,av,0,0
440828,106,clip_av_video_25_001.mp4,av,0,0
440828,107,clip_av_video_23_000.mp4,av,1,1
440828,108,clip_av_video_23_001.mp4,av,0,0
440828,109,clip_av_video_23_001.mp4,av,0,0
440828,110,clip_av_video_23_001.mp4,av,0,0
440828,111,clip_av_video_23_001.mp4,av,0,0
440828,112,clip_av_video_23_002.mp4,av,1,1
440828,113,clip_household_video_16_000.mp4,household,0,1
440828,114,clip_household_video_16_001.mp4,household,0,0
440828,115,clip_household_video_16_001.mp4,household,0,0
440828,116,clip_household_video_16_001.mp4,household,0,0
440828,117,clip_household_video_17_000.mp4,household,0,0
440828,118,clip_household_video_17_000.mp4,household,0,1
440828,119,clip_household_video_17_000.mp4,household,1,1
440828,120,clip_household_video_17_000.mp4,household,1,1
440828,121,clip_household_video_17_000.mp4,household,1,1
440828,122,clip_household_video_17_000.mp4,household,1,1
440828,123,clip_household_video_17_000.mp4,household,1,0
440828,124,clip_household_video_17_000.mp4,household,1,1
440828,125,clip_household_video_17_000.mp4,household,0,0
440828,126,clip_av_video_10_000.mp4,av,1,1
440828,127,clip_av_video_10_000.mp4,av,1,1
440828,128,clip_av_video_10_000.mp4,av,1,1
440828,129,clip_av_video_10_001.mp4,av,1,1
440828,130,clip_av_video_10_001.mp4,av,0,0
440828,131,clip_av_video_1_001.mp4,av,1,1
440828,132,clip_av_video_6_000.mp4,av,0,0
440828,133,clip_av_video_6_000.mp4,av,0,0
440828,134,clip_av_video_6_000.mp4,av,0,1
440828,135,clip_av_video_6_001.mp4,av,0,0
440828,136,clip_av_video_16_000.mp4,av,0,0
440828,137,clip_av_video_16_000.mp4,av,0,0
440828,138,clip_av_video_16_000.mp4,av,0,0
440828,139,clip_av_video_16_000.mp4,av,1,1
440828,140,clip_av_video_16_000.mp4,av,1,1
440828,141,clip_av_video_16_000.mp4,av,0,0
440828,142,clip_av_video_16_001.mp4,av,0,0
440828,143,clip_av_video_16_001.mp4,av,0,0
440828,144,clip_av_video_16_001.mp4,av,1,1
440828,145,clip_av_video_16_001.mp4,av,1,1
440828,146,clip_av_video_16_001.mp4,av,0,0
440828,147,clip_av_video_16_001.mp4,av,0,0
440828,148,clip_av_video_16_002.mp4,av,1,1
440828,149,clip_av_video_16_002.mp4,av,0,0
440828,150,clip_av_video_16_002.mp4,av,0,0
440828,151,clip_household_video_19_000.mp4,household,0,0
440828,152,clip_household_video_19_000.mp4,household,0,1
440828,153,clip_household_video_19_000.mp4,household,0,0
440828,154,clip_household_video_19_001.mp4,household,0,0
440828,155,clip_household_video_19_001.mp4,household,1,1
440828,156,clip_household_video_19_003.mp4,household,1,1
440828,157,clip_household_video_19_003.mp4,household,1,1
440828,158,clip_household_video_19_003.mp4,household,0,0
440828,159,clip_household_video_19_004.mp4,household,1,1
440828,160,clip_household_video_19_004.mp4,household,0,0
440828,161,clip_av_video_19_000.mp4,av,1,1
440828,162,clip_av_video_19_000.mp4,av,1,1
440828,163,clip_av_video_19_001.mp4,av,0,1
440828,164,clip_av_video_19_001.mp4,av,1,1
440828,165,clip_av_video_2_000.mp4,av,1,1
440828,166,clip_av_video_2_000.mp4,av,1,1
440828,167,clip_av_video_2_000.mp4,av,0,0
440828,168,clip_av_video_2_000.mp4,av,0,0
440828,169,clip_av_video_2_000.mp4,av,0,0
440828,170,clip_av_video_2_001.mp4,av,0,0
440828,171,clip_av_video_2_001.mp4,av,0,0
440828,172,clip_av_video_2_002.mp4,av,0,0
440828,173,clip_av_video_2_002.mp4,av,0,0
440828,174,clip_av_video_2_002.mp4,av,1,0
440828,175,clip_av_video_2_002.mp4,av,0,0
440828,176,clip_av_video_2_002.mp4,av,0,0
440828,177,clip_household_video_11_000.mp4,household,0,0
440828,178,clip_household_video_11_002.mp4,household,1,1
440828,179,clip_av_video_8_000.mp4,av,0,0
440828,180,clip_av_video_8_001.mp4,av,1,1
440828,181,clip_av_video_14_000.mp4,av,1,1
440828,182,clip_av_video_14_001.mp4,av,0,0
440828,183,clip_av_video_24_000.mp4,av,1,1
440828,184,clip_av_video_24_001.mp4,av,1,1
440828,185,clip_av_video_24_002.mp4,av,0,1
440828,186,clip_av_video_24_002.mp4,av,1,1
440828,187,clip_av_video_24_002.mp4,av,1,1
440828,188,clip_av_video_24_004.mp4,av,1,1
440828,189,clip_av_video_24_005.mp4,av,1,1
440828,190,clip_av_video_24_006.mp4,av,0,0
440828,191,clip_household_video_4_000.mp4,household,1,0
440828,192,clip_household_video_4_000.mp4,household,0,1
440828,193,clip_av_video_12_000.mp4,av,0,0
440828,194,clip_av_video_12_001.mp4,av,1,1
440828,195,clip_av_video_12_001.mp4,av,0,0
440828,196,clip_av_video_12_001.mp4,av,0,0
440828,197,clip_household_video_9_000.mp4,household,1,1
440828,198,clip_av_video_9_000.mp4,av,1,1
440828,199,clip_av_video_9_000.mp4,av,1,1
440828,200,clip_av_video_9_001.mp4,av,0,0
440828,201,clip_av_video_9_001.mp4,av,1,1
440828,202,clip_av_video_9_001.mp4,av,1,1
440828,203,clip_av_video_9_002.mp4,av,1,1
440828,204,clip_av_video_9_002.mp4,av,1,1
440828,205,clip_av_video_9_002.mp4,av,0,0
440828,206,clip_av_video_21_001.mp4,av,1,1
440828,207,clip_av_video_4_000.mp4,av,1,1
440828,208,clip_av_video_7_000.mp4,av,1,1
440828,209,clip_av_video_7_001.mp4,av,0,0
440828,210,clip_av_video_13_000.mp4,av,0,0
440828,211,clip_av_video_13_000.mp4,av,0,0
440828,212,clip_av_video_13_000.mp4,av,1,1
440828,213,clip_av_video_13_001.mp4,av,0,0
440828,214,clip_av_video_13_001.mp4,av,0,0
440828,215,clip_av_video_13_002.mp4,av,0,1
440828,216,clip_av_video_13_002.mp4,av,0,0
440828,217,clip_av_video_13_002.mp4,av,1,1
440828,218,clip_av_video_13_002.mp4,av,1,1
440828,219,clip_av_video_13_002.mp4,av,1,1
440828,220,clip_av_video_13_002.mp4,av,1,1
440828,221,clip_av_video_13_002.mp4,av,1,1
440828,222,clip_av_video_13_003.mp4,av,1,1
440828,223,clip_av_video_13_003.mp4,av,0,0
440828,224,clip_av_video_13_003.mp4,av,0,0
440828,225,clip_av_video_13_003.mp4,av,1,1
440828,226,clip_av_video_13_003.mp4,av,0,0
440828,227,clip_av_video_13_004.mp4,av,1,1
440828,228,clip_av_video_20_000.mp4,av,0,0
440828,229,clip_av_video_11_000.mp4,av,1,1
440828,230,clip_av_video_13_004.mp4,av,1,1
440828,231,clip_av_video_14_000.mp4,av,1,1
440828,232,clip_av_video_1_000.mp4,av,0,0
440828,233,clip_av_video_20_000.mp4,av,1,1
440828,234,clip_av_video_21_000.mp4,av,0,0
440828,235,clip_av_video_21_001.mp4,av,1,0
440828,236,clip_av_video_24_000.mp4,av,0,0
440828,237,clip_av_video_24_001.mp4,av,1,1
440828,238,clip_av_video_24_004.mp4,av,0,0
440828,239,clip_av_video_24_005.mp4,av,0,0
440828,240,clip_av_video_4_000.mp4,av,1,1
440828,241,clip_av_video_6_001.mp4,av,0,0
440828,242,clip_av_video_7_000.mp4,av,1,1
440828,243,clip_av_video_7_001.mp4,av,0,0
440828,244,clip_av_video_9_001.mp4,av,1,0
440828,245,clip_household_video_11_000.mp4,household,0,0
440828,246,clip_household_video_17_000.mp4,household,0,0
440828,247,clip_household_video_17_000.mp4,household,0,0
440828,248,clip_household_video_17_000.mp4,household,1,1
440828,249,clip_household_video_17_001.mp4,household,0,0
440828,250,clip_household_video_17_001.mp4,household,1,0
440828,251,clip_household_video_19_000.mp4,household,1,1
440828,252,clip_household_video_19_001.mp4,household,1,1
440828,253,clip_household_video_19_002.mp4,household,1,1
440828,254,clip_household_video_19_002.mp4,household,1,1
440828,255,clip_household_video_19_003.mp4,household,0,0
440828,256,clip_household_video_19_004.mp4,household,0,0
440828,257,clip_household_video_19_005.mp4,household,0,0
440828,258,clip_household_video_19_005.mp4,household,0,0
440828,259,clip_household_video_19_005.mp4,household,0,0
440828,260,clip_household_video_19_006.mp4,household,1,1
440828,261,clip_household_video_19_006.mp4,household,1,1
440828,262,clip_household_video_19_006.mp4,household,1,1
440828,263,clip_household_video_4_000.mp4,household,1,1
440828,264,clip_household_video_4_000.mp4,household,0,0
440828,265,clip_household_video_9_000.mp4,household,0,0
440828,266,clip_household_video_9_000.mp4,household,0,0
440828,267,clip_household_video_9_000.mp4,household,1,1
440829,0,clip_av_video_3_000.mp4,av,1,1
440829,1,clip_av_video_3_000.mp4,av,0,0
440829,2,clip_av_video_3_000.mp4,av,0,0
440829,3,clip_av_video_3_000.mp4,av,0,0
440829,4,clip_av_video_3_000.mp4,av,0,0
440829,5,clip_av_video_3_001.mp4,av,0,1
440829,6,clip_av_video_3_001.mp4,av,0,1
440829,7,clip_av_video_3_001.mp4,av,0,1
440829,8,clip_household_video_0_000.mp4,household,1,1
440829,9,clip_household_video_0_000.mp4,household,0,0
440829,10,clip_household_video_0_000.mp4,household,1,0
440829,11,clip_household_video_0_000.mp4,household,0,0
440829,12,clip_household_video_0_001.mp4,household,1,1
440829,13,clip_household_video_0_001.mp4,household,1,1
440829,14,clip_household_video_0_001.mp4,household,1,1
440829,15,clip_household_video_0_001.mp4,household,0,0
440829,16,clip_household_video_0_001.mp4,household,0,0
440829,17,clip_household_video_0_001.mp4,household,0,0
440829,18,clip_household_video_0_001.mp4,household,1,1
440829,19,clip_household_video_0_001.mp4,household,1,1
440829,20,clip_household_video_14_000.mp4,household,0,0
440829,21,clip_household_video_14_000.mp4,household,1,1
440829,22,clip_household_video_14_000.mp4,household,1,1
440829,23,clip_household_video_14_000.mp4,household,1,1
440829,24,clip_household_video_14_000.mp4,household,1,1
440829,25,clip_household_video_14_000.mp4,household,0,0
440829,26,clip_household_video_14_000.mp4,household,1,1
440829,27,clip_household_video_14_000.mp4,household,1,1
440829,28,clip_household_video_14_000.mp4,household,1,1
440829,29,clip_household_video_14_000.mp4,household,1,1
440829,30,clip_household_video_14_000.mp4,household,0,0
440829,31,clip_household_video_14_000.mp4,household,1,1
440829,32,clip_household_video_14_000.mp4,household,1,1
440829,33,clip_household_video_14_000.mp4,household,0,0
440829,34,clip_household_video_14_000.mp4,household,0,0
440829,35,clip_household_video_14_000.mp4,household,1,1
440829,36,clip_household_video_14_000.mp4,household,1,1
440829,37,clip_household_video_14_000.mp4,household,0,0
440829,38,clip_household_video_14_000.mp4,household,1,1
440829,39,clip_household_video_14_000.mp4,household,0,1
440829,40,clip_household_video_14_000.mp4,household,0,0
440829,41,clip_household_video_14_000.mp4,household,1,1
440829,42,clip_household_video_14_000.mp4,household,0,0
440829,43,clip_household_video_14_000.mp4,household,0,0
440829,44,clip_household_video_14_000.mp4,household,1,1
440829,45,clip_household_video_14_000.mp4,household,1,1
440829,46,clip_household_video_14_000.mp4,household,1,1
440829,47,clip_household_video_14_000.mp4,household,1,0
440829,48,clip_household_video_14_000.mp4,household,0,0
440829,49,clip_household_video_14_000.mp4,household,1,1
440829,50,clip_household_video_14_001.mp4,household,0,0
440829,51,clip_household_video_14_001.mp4,household,0,0
440829,52,clip_household_video_14_001.mp4,household,1,1
440829,53,clip_household_video_14_001.mp4,household,0,1
440829,54,clip_household_video_14_001.mp4,household,1,0
440829,55,clip_household_video_14_001.mp4,household,1,1
440829,56,clip_household_video_14_001.mp4,household,0,0
440829,57,clip_household_video_14_001.mp4,household,0,0
440829,58,clip_household_video_14_001.mp4,household,0,0
440829,59,clip_household_video_14_001.mp4,household,0,0
440829,60,clip_household_video_14_001.mp4,household,0,0
440829,61,clip_household_video_14_001.mp4,household,0,0
440829,62,clip_household_video_14_001.mp4,household,0,0
440829,63,clip_household_video_14_002.mp4,household,0,1
440829,64,clip_household_video_14_002.mp4,household,1,0
440829,65,clip_household_video_14_002.mp4,household,1,1
440829,66,clip_household_video_14_002.mp4,household,1,0
440829,67,clip_household_video_14_002.mp4,household,0,0
440829,68,clip_household_video_14_002.mp4,household,1,1
440829,69,clip_household_video_14_002.mp4,household,1,1
440829,70,clip_household_video_14_002.mp4,household,0,0
440829,71,clip_household_video_14_002.mp4,household,0,0
440829,72,clip_household_video_14_002.mp4,household,0,0
440829,73,clip_household_video_14_002.mp4,household,1,1
440829,74,clip_household_video_14_002.mp4,household,0,0
440829,75,clip_household_video_14_002.mp4,household,1,1
440829,76,clip_household_video_14_002.mp4,household,1,1
440829,77,clip_household_video_14_003.mp4,household,0,1
440829,78,clip_household_video_14_003.mp4,household,0,0
440829,79,clip_av_video_0_000.mp4,av,1,1
440829,80,clip_av_video_0_000.mp4,av,0,0
440829,81,clip_av_video_0_000.mp4,av,1,0
440829,82,clip_av_video_0_000.mp4,av,0,0
440829,83,clip_av_video_0_000.mp4,av,0,0
440829,84,clip_av_video_0_001.mp4,av,0,0
440829,85,clip_av_video_0_001.mp4,av,1,1
440829,86,clip_av_video_0_001.mp4,av,0,0
440829,87,clip_av_video_0_002.mp4,av,1,1
440829,88,clip_av_video_0_003.mp4,av,0,0
440829,89,clip_av_video_0_003.mp4,av,0,0
440829,90,clip_av_video_5_000.mp4,av,0,0
440829,91,clip_av_video_5_001.mp4,av,1,1
440829,92,clip_av_video_5_001.mp4,av,1,1
440829,93,clip_av_video_5_002.mp4,av,0,0
440829,94,clip_av_video_5_002.mp4,av,1,1
440829,95,clip_av_video_5_002.mp4,av,0,0
440829,96,clip_av_video_5_002.mp4,av,0,0
440829,97,clip_av_video_5_002.mp4,av,0,0
440829,98,clip_av_video_5_003.mp4,av,1,1
440829,99,clip_av_video_25_000.mp4,av,1,1
440829,100,clip_av_video_25_000.mp4,av,0,0
440829,101,clip_av_video_25_000.mp4,av,1,1
440829,102,clip_av_video_25_000.mp4,av,1,1
440829,103,clip_av_video_25_000.mp4,av,1,0
440829,104,clip_av_video_25_000.mp4,av,0,0
440829,105,clip_av_video_25_001.mp4,av,0,0
440829,106,clip_av_video_25_001.mp4,av,0,0
440829,107,clip_av_video_23_000.mp4,av,1,1
440829,108,clip_av_video_23_001.mp4,av,0,0
440829,109,clip_av_video_23_001.mp4,av,0,0
440829,110,clip_av_video_23_001.mp4,av,0,0
440829,111,clip_av_video_23_001.mp4,av,0,0
440829,112,clip_av_video_23_002.mp4,av,1,1
440829,113,clip_household_video_16_000.mp4,household,0,1
440829,114,clip_household_video_16_001.mp4,household,0,0
440829,115,clip_household_video_16_001.mp4,household,0,0
440829,116,clip_household_video_16_001.mp4,household,0,0
440829,117,clip_household_video_17_000.mp4,household,0,0
440829,118,clip_household_video_17_000.mp4,household,0,1
440829,119,clip_household_video_17_000.mp4,household,1,1
440829,120,clip_household_video_17_000.mp4,household,1,1
440829,121,clip_household_video_17_000.mp4,household,1,1
440829,122,clip_household_video_17_000.mp4,household,1,1
440829,123,clip_household_video_17_000.mp4,household,1,0
440829,124,clip_household_video_17_000.mp4,household,1,1
440829,125,clip_household_video_17_000.mp4,household,0,0
440829,126,clip_av_video_10_000.mp4,av,1,1
440829,127,clip_av_video_10_000.mp4,av,1,1
440829,128,clip_av_video_10_000.mp4,av,1,1
440829,129,clip_av_video_10_001.mp4,av,1,1
440829,130,clip_av_video_10_001.mp4,av,0,0
440829,131,clip_av_video_1_001.mp4,av,1,1
440829,132,clip_av_video_6_000.mp4,av,0,0
440829,133,clip_av_video_6_000.mp4,av,0,0
440829,134,clip_av_video_6_000.mp4,av,1,1
440829,135,clip_av_video_6_001.mp4,av,0,0
440829,136,clip_av_video_16_000.mp4,av,0,0
440829,137,clip_av_video_16_000.mp4,av,0,0
440829,138,clip_av_video_16_000.mp4,av,0,0
440829,139,clip_av_video_16_000.mp4,av,1,1
440829,140,clip_av_video_16_000.mp4,av,1,1
440829,141,clip_av_video_16_000.mp4,av,0,0
440829,142,clip_av_video_16_001.mp4,av,0,0
440829,143,clip_av_video_16_001.mp4,av,0,0
440829,144,clip_av_video_16_001.mp4,av,1,1
440829,145,clip_av_video_16_001.mp4,av,1,1
440829,146,clip_av_video_16_001.mp4,av,0,0
440829,147,clip_av_video_16_001.mp4,av,0,0
440829,148,clip_av_video_16_002.mp4,av,1,1
440829,149,clip_av_video_16_002.mp4,av,0,0
440829,150,clip_av_video_16_002.mp4,av,0,0
440829,151,clip_household_video_19_000.mp4,household,0,0
440829,152,clip_household_video_19_000.mp4,household,0,1
440829,153,clip_household_video_19_000.mp4,household,0,0
440829,154,clip_household_video_19_001.mp4,household,0,0
440829,155,clip_household_video_19_001.mp4,household,1,1
440829,156,clip_household_video_19_003.mp4,household,1,1
440829,157,clip_household_video_19_003.mp4,household,1,1
440829,158,clip_household_video_19_003.mp4,household,0,0
440829,159,clip_household_video_19_004.mp4,household,1,1
440829,160,clip_household_video_19_004.mp4,household,0,0
440829,161,clip_av_video_19_000.mp4,av,1,1
440829,162,clip_av_video_19_000.mp4,av,1,1
440829,163,clip_av_video_19_001.mp4,av,0,1
440829,164,clip_av_video_19_001.mp4,av,1,1
440829,165,clip_av_video_2_000.mp4,av,1,1
440829,166,clip_av_video_2_000.mp4,av,1,1
440829,167,clip_av_video_2_000.mp4,av,0,0
440829,168,clip_av_video_2_000.mp4,av,0,0
440829,169,clip_av_video_2_000.mp4,av,0,0
440829,170,clip_av_video_2_001.mp4,av,0,0
440829,171,clip_av_video_2_001.mp4,av,0,0
440829,172,clip_av_video_2_002.mp4,av,0,0
440829,173,clip_av_video_2_002.mp4,av,0,0
440829,174,clip_av_video_2_002.mp4,av,1,0
440829,175,clip_av_video_2_002.mp4,av,0,0
440829,176,clip_av_video_2_002.mp4,av,0,0
440829,177,clip_household_video_11_000.mp4,household,0,0
440829,178,clip_household_video_11_002.mp4,household,1,1
440829,179,clip_av_video_8_000.mp4,av,0,0
440829,180,clip_av_video_8_001.mp4,av,1,1
440829,181,clip_av_video_14_000.mp4,av,1,1
440829,182,clip_av_video_14_001.mp4,av,0,0
440829,183,clip_av_video_24_000.mp4,av,1,1
440829,184,clip_av_video_24_001.mp4,av,1,1
440829,185,clip_av_video_24_002.mp4,av,0,1
440829,186,clip_av_video_24_002.mp4,av,1,1
440829,187,clip_av_video_24_002.mp4,av,1,1
440829,188,clip_av_video_24_004.mp4,av,1,1
440829,189,clip_av_video_24_005.mp4,av,1,1
440829,190,clip_av_video_24_006.mp4,av,0,0
440829,191,clip_household_video_4_000.mp4,household,1,0
440829,192,clip_household_video_4_000.mp4,household,1,1
440829,193,clip_av_video_12_000.mp4,av,0,0
440829,194,clip_av_video_12_001.mp4,av,1,1
440829,195,clip_av_video_12_001.mp4,av,0,0
440829,196,clip_av_video_12_001.mp4,av,0,0
440829,197,clip_household_video_9_000.mp4,household,1,1
440829,198,clip_av_video_9_000.mp4,av,1,1
440829,199,clip_av_video_9_000.mp4,av,1,1
440829,200,clip_av_video_9_001.mp4,av,0,0
440829,201,clip_av_video_9_001.mp4,av,1,1
440829,202,clip_av_video_9_001.mp4,av,1,1
440829,203,clip_av_video_9_002.mp4,av,1,1
440829,204,clip_av_video_9_002.mp4,av,1,1
440829,205,clip_av_video_9_002.mp4,av,0,0
440829,206,clip_av_video_21_001.mp4,av,1,1
440829,207,clip_av_video_4_000.mp4,av,1,1
440829,208,clip_av_video_7_000.mp4,av,1,1
440829,209,clip_av_video_7_001.mp4,av,0,0
440829,210,clip_av_video_13_000.mp4,av,0,0
440829,211,clip_av_video_13_000.mp4,av,0,0
440829,212,clip_av_video_13_000.mp4,av,1,1
440829,213,clip_av_video_13_001.mp4,av,0,0
440829,214,clip_av_video_13_001.mp4,av,0,0
440829,215,clip_av_video_13_002.mp4,av,1,1
440829,216,clip_av_video_13_002.mp4,av,0,0
440829,217,clip_av_video_13_002.mp4,av,0,1
440829,218,clip_av_video_13_002.mp4,av,1,1
440829,219,clip_av_video_13_002.mp4,av,1,1
440829,220,clip_av_video_13_002.mp4,av,1,1
440829,221,clip_av_video_13_002.mp4,av,1,1
440829,222,clip_av_video_13_003.mp4,av,1,1
440829,223,clip_av_video_13_003.mp4,av,0,0
440829,224,clip_av_video_13_003.mp4,av,0,0
440829,225,clip_av_video_13_003.mp4,av,1,1
440829,226,clip_av_video_13_003.mp4,av,0,0
440829,227,clip_av_video_13_004.mp4,av,1,1
440829,228,clip_av_video_20_000.mp4,av,0,0
440829,229,clip_av_video_11_000.mp4,av,1,1
440829,230,clip_av_video_13_004.mp4,av,1,1
440829,231,clip_av_video_14_000.mp4,av,1,1
440829,232,clip_av_video_1_000.mp4,av,0,0
440829,233,clip_av_video_20_000.mp4,av,1,1
440829,234,clip_av_video_21_000.mp4,av,0,0
440829,235,clip_av_video_21_001.mp4,av,0,0
440829,236,clip_av_video_24_000.mp4,av,0,0
440829,237,clip_av_video_24_001.mp4,av,1,1
440829,238,clip_av_video_24_004.mp4,av,0,0
440829,239,clip_av_video_24_005.mp4,av,0,0
440829,240,clip_av_video_4_000.mp4,av,1,1
440829,241,clip_av_video_6_001.mp4,av,0,0
440829,242,clip_av_video_7_000.mp4,av,1,1
440829,243,clip_av_video_7_001.mp4,av,0,0
440829,244,clip_av_video_9_001.mp4,av,1,0
440829,245,clip_household_video_11_000.mp4,household,0,0
440829,246,clip_household_video_17_000.mp4,household,0,0
440829,247,clip_household_video_17_000.mp4,household,0,0
440829,248,clip_household_video_17_000.mp4,household,1,1
440829,249,clip_household_video_17_001.mp4,household,0,0
440829,250,clip_household_video_17_001.mp4,household,1,0
440829,251,clip_household_video_19_000.mp4,household,1,1
440829,252,clip_household_video_19_001.mp4,household,1,1
440829,253,clip_household_video_19_002.mp4,household,1,1
440829,254,clip_household_video_19_002.mp4,household,1,1
440829,255,clip_household_video_19_003.mp4,household,0,0
440829,256,clip_household_video_19_004.mp4,household,0,0
440829,257,clip_household_video_19_005.mp4,household,0,0
440829,258,clip_household_video_19_005.mp4,household,0,0
440829,259,clip_household_video_19_005.mp4,household,0,0
440829,260,clip_household_video_19_006.mp4,household,1,1
440829,261,clip_household_video_19_006.mp4,household,1,1
440829,262,clip_household_video_19_006.mp4,household,1,1
440829,263,clip_household_video_4_000.mp4,household,1,1
440829,264,clip_household_video_4_000.mp4,household,0,0
440829,265,clip_household_video_9_000.mp4,household,0,0
440829,266,clip_household_video_9_000.mp4,household,0,0
440829,267,clip_household_video_9_000.mp4,household,1,1
440830,0,clip_av_video_3_000.mp4,av,1,1
440830,1,clip_av_video_3_000.mp4,av,1,0
440830,2,clip_av_video_3_000.mp4,av,0,0
440830,3,clip_av_video_3_000.mp4,av,0,0
440830,4,clip_av_video_3_000.mp4,av,0,0
440830,5,clip_av_video_3_001.mp4,av,0,1
440830,6,clip_av_video_3_001.mp4,av,0,1
440830,7,clip_av_video_3_001.mp4,av,0,1
440830,8,clip_household_video_0_000.mp4,household,1,1
440830,9,clip_household_video_0_000.mp4,household,0,0
440830,10,clip_household_video_0_000.mp4,household,1,0
440830,11,clip_household_video_0_000.mp4,household,0,0
440830,12,clip_household_video_0_001.mp4,household,1,1
440830,13,clip_household_video_0_001.mp4,household,1,1
440830,14,clip_household_video_0_001.mp4,household,1,1
440830,15,clip_household_video_0_001.mp4,household,0,0
440830,16,clip_household_video_0_001.mp4,household,0,0
440830,17,clip_household_video_0_001.mp4,household,0,0
440830,18,clip_household_video_0_001.mp4,household,1,1
440830,19,clip_household_video_0_001.mp4,household,1,1
440830,20,clip_household_video_14_000.mp4,household,1,0
440830,21,clip_household_video_14_000.mp4,household,1,1
440830,22,clip_household_video_14_000.mp4,household,1,1
440830,23,clip_household_video_14_000.mp4,household,1,1
440830,24,clip_household_video_14_000.mp4,household,1,1
440830,25,clip_household_video_14_000.mp4,household,0,0
440830,26,clip_household_video_14_000.mp4,household,1,1
440830,27,clip_household_video_14_000.mp4,household,1,1
440830,28,clip_household_video_14_000.mp4,household,1,1
440830,29,clip_household_video_14_000.mp4,household,1,1
440830,30,clip_household_video_14_000.mp4,household,0,0
440830,31,clip_household_video_14_000.mp4,household,1,1
440830,32,clip_household_video_14_000.mp4,household,1,1
440830,33,clip_household_video_14_000.mp4,household,0,0
440830,34,clip_household_video_14_000.mp4,household,0,0
440830,35,clip_household_video_14_000.mp4,household,1,1
440830,36,clip_household_video_14_000.mp4,household,1,1
440830,37,clip_household_video_14_000.mp4,household,0,0
440830,38,clip_household_video_14_000.mp4,household,1,1
440830,39,clip_household_video_14_000.mp4,household,0,1
440830,40,clip_household_video_14_000.mp4,household,0,0
440830,41,clip_household_video_14_000.mp4,household,1,1
440830,42,clip_household_video_14_000.mp4,household,0,0
440830,43,clip_household_video_14_000.mp4,household,0,0
440830,44,clip_household_video_14_000.mp4,household,1,1
440830,45,clip_household_video_14_000.mp4,household,1,1
440830,46,clip_household_video_14_000.mp4,household,1,1
440830,47,clip_household_video_14_000.mp4,household,1,0
440830,48,clip_household_video_14_000.mp4,household,0,0
440830,49,clip_household_video_14_000.mp4,household,1,1
440830,50,clip_household_video_14_001.mp4,household,0,0
440830,51,clip_household_video_14_001.mp4,household,0,0
440830,52,clip_household_video_14_001.mp4,household,1,1
440830,53,clip_household_video_14_001.mp4,household,0,1
440830,54,clip_household_video_14_001.mp4,household,1,0
440830,55,clip_household_video_14_001.mp4,household,1,1
440830,56,clip_household_video_14_001.mp4,household,0,0
440830,57,clip_household_video_14_001.mp4,household,0,0
440830,58,clip_household_video_14_001.mp4,household,0,0
440830,59,clip_household_video_14_001.mp4,household,0,0
440830,60,clip_household_video_14_001.mp4,household,0,0
440830,61,clip_household_video_14_001.mp4,household,0,0
440830,62,clip_household_video_14_001.mp4,household,0,0
440830,63,clip_household_video_14_002.mp4,household,0,1
440830,64,clip_household_video_14_002.mp4,household,1,0
440830,65,clip_household_video_14_002.mp4,household,1,1
440830,66,clip_household_video_14_002.mp4,household,1,0
440830,67,clip_household_video_14_002.mp4,household,0,0
440830,68,clip_household_video_14_002.mp4,household,1,1
440830,69,clip_household_video_14_002.mp4,household,1,1
440830,70,clip_household_video_14_002.mp4,household,0,0
440830,71,clip_household_video_14_002.mp4,household,0,0
440830,72,clip_household_video_14_002.mp4,household,0,0
440830,73,clip_household_video_14_002.mp4,household,1,1
440830,74,clip_household_video_14_002.mp4,household,0,0
440830,75,clip_household_video_14_002.mp4,household,1,1
440830,76,clip_household_video_14_002.mp4,household,1,1
440830,77,clip_household_video_14_003.mp4,household,0,1
440830,78,clip_household_video_14_003.mp4,household,0,0
440830,79,clip_av_video_0_000.mp4,av,1,1
440830,80,clip_av_video_0_000.mp4,av,0,0
440830,81,clip_av_video_0_000.mp4,av,1,0
440830,82,clip_av_video_0_000.mp4,av,0,0
440830,83,clip_av_video_0_000.mp4,av,0,0
440830,84,clip_av_video_0_001.mp4,av,0,0
440830,85,clip_av_video_0_001.mp4,av,1,1
440830,86,clip_av_video_0_001.mp4,av,0,0
440830,87,clip_av_video_0_002.mp4,av,1,1
440830,88,clip_av_video_0_003.mp4,av,0,0
440830,89,clip_av_video_0_003.mp4,av,0,0
440830,90,clip_av_video_5_000.mp4,av,0,0
440830,91,clip_av_video_5_001.mp4,av,1,1
440830,92,clip_av_video_5_001.mp4,av,1,1
440830,93,clip_av_video_5_002.mp4,av,0,0
440830,94,clip_av_video_5_002.mp4,av,1,1
440830,95,clip_av_video_5_002.mp4,av,0,0
440830,96,clip_av_video_5_002.mp4,av,0,0
440830,97,clip_av_video_5_002.mp4,av,0,0
440830,98,clip_av_video_5_003.mp4,av,1,1
440830,99,clip_av_video_25_000.mp4,av,1,1
440830,100,clip_av_video_25_000.mp4,av,0,0
440830,101,clip_av_video_25_000.mp4,av,1,1
440830,102,clip_av_video_25_000.mp4,av,1,1
440830,103,clip_av_video_25_000.mp4,av,1,0
440830,104,clip_av_video_25_000.mp4,av,0,0
440830,105,clip_av_video_25_001.mp4,av,0,0
440830,106,clip_av_video_25_001.mp4,av,0,0
440830,107,clip_av_video_23_000.mp4,av,1,1
440830,108,clip_av_video_23_001.mp4,av,0,0
440830,109,clip_av_video_23_001.mp4,av,0,0
440830,110,clip_av_video_23_001.mp4,av,0,0
440830,111,clip_av_video_23_001.mp4,av,0,0
440830,112,clip_av_video_23_002.mp4,av,1,1
440830,113,clip_household_video_16_000.mp4,household,0,1
440830,114,clip_household_video_16_001.mp4,household,0,0
440830,115,clip_household_video_16_001.mp4,household,0,0
440830,116,clip_household_video_16_001.mp4,household,0,0
440830,117,clip_household_video_17_000.mp4,household,0,0
440830,118,clip_household_video_17_000.mp4,household,0,1
440830,119,clip_household_video_17_000.mp4,household,1,1
440830,120,clip_household_video_17_000.mp4,household,1,1
440830,121,clip_household_video_17_000.mp4,household,0,1
440830,122,clip_household_video_17_000.mp4,household,1,1
440830,123,clip_household_video_17_000.mp4,household,1,0
440830,124,clip_household_video_17_000.mp4,household,1,1
440830,125,clip_household_video_17_000.mp4,household,0,0
440830,126,clip_av_video_10_000.mp4,av,1,1
440830,127,clip_av_video_10_000.mp4,av,1,1
440830,128,clip_av_video_10_000.mp4,av,1,1
440830,129,clip_av_video_10_001.mp4,av,1,1
440830,130,clip_av_video_10_001.mp4,av,0,0
440830,131,clip_av_video_1_001.mp4,av,1,1
440830,132,clip_av_video_6_000.mp4,av,0,0
440830,133,clip_av_video_6_000.mp4,av,0,0
440830,134,clip_av_video_6_000.mp4,av,0,1
440830,135,clip_av_video_6_001.mp4,av,0,0
440830,136,clip_av_video_16_000.mp4,av,0,0
440830,137,clip_av_video_16_000.mp4,av,0,0
440830,138,clip_av_video_16_000.mp4,av,0,0
440830,139,clip_av_video_16_000.mp4,av,1,1
440830,140,clip_av_video_16_000.mp4,av,1,1
440830,141,clip_av_video_16_000.mp4,av,0,0
440830,142,clip_av_video_16_001.mp4,av,0,0
440830,143,clip_av_video_16_001.mp4,av,0,0
440830,144,clip_av_video_16_001.mp4,av,1,1
440830,145,clip_av_video_16_001.mp4,av,1,1
440830,146,clip_av_video_16_001.mp4,av,0,0
440830,147,clip_av_video_16_001.mp4,av,0,0
440830,148,clip_av_video_16_002.mp4,av,1,1
440830,149,clip_av_video_16_002.mp4,av,0,0
440830,150,clip_av_video_16_002.mp4,av,0,0
440830,151,clip_household_video_19_000.mp4,household,0,0
440830,152,clip_household_video_19_000.mp4,household,1,1
440830,153,clip_household_video_19_000.mp4,household,0,0
440830,154,clip_household_video_19_001.mp4,household,0,0
440830,155,clip_household_video_19_001.mp4,household,1,1
440830,156,clip_household_video_19_003.mp4,household,1,1
440830,157,clip_household_video_19_003.mp4,household,1,1
440830,158,clip_household_video_19_003.mp4,household,0,0
440830,159,clip_household_video_19_004.mp4,household,1,1
440830,160,clip_household_video_19_004.mp4,household,0,0
440830,161,clip_av_video_19_000.mp4,av,1,1
440830,162,clip_av_video_19_000.mp4,av,1,1
440830,163,clip_av_video_19_001.mp4,av,0,1
440830,164,clip_av_video_19_001.mp4,av,1,1
440830,165,clip_av_video_2_000.mp4,av,1,1
440830,166,clip_av_video_2_000.mp4,av,1,1
440830,167,clip_av_video_2_000.mp4,av,0,0
440830,168,clip_av_video_2_000.mp4,av,0,0
440830,169,clip_av_video_2_000.mp4,av,0,0
440830,170,clip_av_video_2_001.mp4,av,0,0
440830,171,clip_av_video_2_001.mp4,av,0,0
440830,172,clip_av_video_2_002.mp4,av,0,0
440830,173,clip_av_video_2_002.mp4,av,0,0
440830,174,clip_av_video_2_002.mp4,av,1,0
440830,175,clip_av_video_2_002.mp4,av,0,0
440830,176,clip_av_video_2_002.mp4,av,0,0
440830,177,clip_household_video_11_000.mp4,household,0,0
440830,178,clip_household_video_11_002.mp4,household,1,1
440830,179,clip_av_video_8_000.mp4,av,0,0
440830,180,clip_av_video_8_001.mp4,av,1,1
440830,181,clip_av_video_14_000.mp4,av,1,1
440830,182,clip_av_video_14_001.mp4,av,0,0
440830,183,clip_av_video_24_000.mp4,av,1,1
440830,184,clip_av_video_24_001.mp4,av,1,1
440830,185,clip_av_video_24_002.mp4,av,0,1
440830,186,clip_av_video_24_002.mp4,av,1,1
440830,187,clip_av_video_24_002.mp4,av,1,1
440830,188,clip_av_video_24_004.mp4,av,1,1
440830,189,clip_av_video_24_005.mp4,av,1,1
440830,190,clip_av_video_24_006.mp4,av,0,0
440830,191,clip_household_video_4_000.mp4,household,1,0
440830,192,clip_household_video_4_000.mp4,household,0,1
440830,193,clip_av_video_12_000.mp4,av,0,0
440830,194,clip_av_video_12_001.mp4,av,1,1
440830,195,clip_av_video_12_001.mp4,av,0,0
440830,196,clip_av_video_12_001.mp4,av,0,0
440830,197,clip_household_video_9_000.mp4,household,1,1
440830,198,clip_av_video_9_000.mp4,av,1,1
440830,199,clip_av_video_9_000.mp4,av,1,1
440830,200,clip_av_video_9_001.mp4,av,0,0
440830,201,clip_av_video_9_001.mp4,av,1,1
440830,202,clip_av_video_9_001.mp4,av,1,1
440830,203,clip_av_video_9_002.mp4,av,1,1
440830,204,clip_av_video_9_002.mp4,av,1,1
440830,205,clip_av_video_9_002.mp4,av,0,0
440830,206,clip_av_video_21_001.mp4,av,1,1
440830,207,clip_av_video_4_000.mp4,av,1,1
440830,208,clip_av_video_7_000.mp4,av,1,1
440830,209,clip_av_video_7_001.mp4,av,0,0
440830,210,clip_av_video_13_000.mp4,av,0,0
440830,211,clip_av_video_13_000.mp4,av,0,0
440830,212,clip_av_video_13_000.mp4,av,1,1
440830,213,clip_av_video_13_001.mp4,av,0,0
440830,214,clip_av_video_13_001.mp4,av,0,0
440830,215,clip_av_video_13_002.mp4,av,1,1
440830,216,clip_av_video_13_002.mp4,av,0,0
440830,217,clip_av_video_13_002.mp4,av,1,1
440830,218,clip_av_video_13_002.mp4,av,1,1
440830,219,clip_av_video_13_002.mp4,av,1,1
440830,220,clip_av_video_13_002.mp4,av,1,1
440830,221,clip_av_video_13_002.mp4,av,1,1
440830,222,clip_av_video_13_003.mp4,av,1,1
440830,223,clip_av_video_13_003.mp4,av,0,0
440830,224,clip_av_video_13_003.mp4,av,0,0
440830,225,clip_av_video_13_003.mp4,av,1,1
440830,226,clip_av_video_13_003.mp4,av,0,0
440830,227,clip_av_video_13_004.mp4,av,1,1
440830,228,clip_av_video_20_000.mp4,av,0,0
440830,229,clip_av_video_11_000.mp4,av,1,1
440830,230,clip_av_video_13_004.mp4,av,1,1
440830,231,clip_av_video_14_000.mp4,av,1,1
440830,232,clip_av_video_1_000.mp4,av,0,0
440830,233,clip_av_video_20_000.mp4,av,1,1
440830,234,clip_av_video_21_000.mp4,av,0,0
440830,235,clip_av_video_21_001.mp4,av,1,0
440830,236,clip_av_video_24_000.mp4,av,0,0
440830,237,clip_av_video_24_001.mp4,av,1,1
440830,238,clip_av_video_24_004.mp4,av,0,0
440830,239,clip_av_video_24_005.mp4,av,0,0
440830,240,clip_av_video_4_000.mp4,av,1,1
440830,241,clip_av_video_6_001.mp4,av,0,0
440830,242,clip_av_video_7_000.mp4,av,1,1
440830,243,clip_av_video_7_001.mp4,av,1,0
440830,244,clip_av_video_9_001.mp4,av,1,0
440830,245,clip_household_video_11_000.mp4,household,0,0
440830,246,clip_household_video_17_000.mp4,household,0,0
440830,247,clip_household_video_17_000.mp4,household,0,0
440830,248,clip_household_video_17_000.mp4,household,1,1
440830,249,clip_household_video_17_001.mp4,household,0,0
440830,250,clip_household_video_17_001.mp4,household,1,0
440830,251,clip_household_video_19_000.mp4,household,1,1
440830,252,clip_household_video_19_001.mp4,household,1,1
440830,253,clip_household_video_19_002.mp4,household,1,1
440830,254,clip_household_video_19_002.mp4,household,1,1
440830,255,clip_household_video_19_003.mp4,household,0,0
440830,256,clip_household_video_19_004.mp4,household,0,0
440830,257,clip_household_video_19_005.mp4,household,0,0
440830,258,clip_household_video_19_005.mp4,household,0,0
440830,259,clip_household_video_19_005.mp4,household,0,0
440830,260,clip_household_video_19_006.mp4,household,1,1
440830,261,clip_household_video_19_006.mp4,household,1,1
440830,262,clip_household_video_19_006.mp4,household,1,1
440830,263,clip_household_video_4_000.mp4,household,1,1
440830,264,clip_household_video_4_000.mp4,household,0,0
440830,265,clip_household_video_9_000.mp4,household,0,0
440830,266,clip_household_video_9_000.mp4,household,0,0
440830,267,clip_household_video_9_000.mp4,household,1,1
440831,0,clip_av_video_3_000.mp4,av,1,1
440831,1,clip_av_video_3_000.mp4,av,0,0
440831,2,clip_av_video_3_000.mp4,av,0,0
440831,3,clip_av_video_3_000.mp4,av,0,0
440831,4,clip_av_video_3_000.mp4,av,0,0
440831,5,clip_av_video_3_001.mp4,av,0,1
440831,6,clip_av_video_3_001.mp4,av,1,1
440831,7,clip_av_video_3_001.mp4,av,0,1
440831,8,clip_household_video_0_000.mp4,household,1,1
440831,9,clip_household_video_0_000.mp4,household,0,0
440831,10,clip_household_video_0_000.mp4,household,1,0
440831,11,clip_household_video_0_000.mp4,household,0,0
440831,12,clip_household_video_0_001.mp4,household,1,1
440831,13,clip_household_video_0_001.mp4,household,1,1
440831,14,clip_household_video_0_001.mp4,household,1,1
440831,15,clip_household_video_0_001.mp4,household,0,0
440831,16,clip_household_video_0_001.mp4,household,0,0
440831,17,clip_household_video_0_001.mp4,household,0,0
440831,18,clip_household_video_0_001.mp4,household,1,1
440831,19,clip_household_video_0_001.mp4,household,1,1
440831,20,clip_household_video_14_000.mp4,household,1,0
440831,21,clip_household_video_14_000.mp4,household,1,1
440831,22,clip_household_video_14_000.mp4,household,1,1
440831,23,clip_household_video_14_000.mp4,household,1,1
440831,24,clip_household_video_14_000.mp4,household,1,1
440831,25,clip_household_video_14_000.mp4,household,0,0
440831,26,clip_household_video_14_000.mp4,household,1,1
440831,27,clip_household_video_14_000.mp4,household,1,1
440831,28,clip_household_video_14_000.mp4,household,1,1
440831,29,clip_household_video_14_000.mp4,household,1,1
440831,30,clip_household_video_14_000.mp4,household,0,0
440831,31,clip_household_video_14_000.mp4,household,1,1
440831,32,clip_household_video_14_000.mp4,household,1,1
440831,33,clip_household_video_14_000.mp4,household,0,0
440831,34,clip_household_video_14_000.mp4,household,0,0
440831,35,clip_household_video_14_000.mp4,household,1,1
440831,36,clip_household_video_14_000.mp4,household,1,1
440831,37,clip_household_video_14_000.mp4,household,0,0
440831,38,clip_household_video_14_000.mp4,household,1,1
440831,39,clip_household_video_14_000.mp4,household,0,1
440831,40,clip_household_video_14_000.mp4,household,0,0
440831,41,clip_household_video_14_000.mp4,household,1,1
440831,42,clip_household_video_14_000.mp4,household,0,0
440831,43,clip_household_video_14_000.mp4,household,0,0
440831,44,clip_household_video_14_000.mp4,household,1,1
440831,45,clip_household_video_14_000.mp4,household,1,1
440831,46,clip_household_video_14_000.mp4,household,1,1
440831,47,clip_household_video_14_000.mp4,household,1,0
440831,48,clip_household_video_14_000.mp4,household,0,0
440831,49,clip_household_video_14_000.mp4,household,1,1
440831,50,clip_household_video_14_001.mp4,household,0,0
440831,51,clip_household_video_14_001.mp4,household,0,0
440831,52,clip_household_video_14_001.mp4,household,1,1
440831,53,clip_household_video_14_001.mp4,household,0,1
440831,54,clip_household_video_14_001.mp4,household,1,0
440831,55,clip_household_video_14_001.mp4,household,1,1
440831,56,clip_household_video_14_001.mp4,household,1,0
440831,57,clip_household_video_14_001.mp4,household,0,0
440831,58,clip_household_video_14_001.mp4,household,1,0
440831,59,clip_household_video_14_001.mp4,household,0,0
440831,60,clip_household_video_14_001.mp4,household,0,0
440831,61,clip_household_video_14_001.mp4,household,0,0
440831,62,clip_household_video_14_001.mp4,household,0,0
440831,63,clip_household_video_14_002.mp4,household,0,1
440831,64,clip_household_video_14_002.mp4,household,1,0
440831,65,clip_household_video_14_002.mp4,household,1,1
440831,66,clip_household_video_14_002.mp4,household,1,0
440831,67,clip_household_video_14_002.mp4,household,0,0
440831,68,clip_household_video_14_002.mp4,household,1,1
440831,69,clip_household_video_14_002.mp4,household,1,1
440831,70,clip_household_video_14_002.mp4,household,0,0
440831,71,clip_household_video_14_002.mp4,household,0,0
440831,72,clip_household_video_14_002.mp4,household,0,0
440831,73,clip_household_video_14_002.mp4,household,1,1
440831,74,clip_household_video_14_002.mp4,household,0,0
440831,75,clip_household_video_14_002.mp4,household,1,1
440831,76,clip_household_video_14_002.mp4,household,1,1
440831,77,clip_household_video_14_003.mp4,household,1,1
440831,78,clip_household_video_14_003.mp4,household,0,0
440831,79,clip_av_video_0_000.mp4,av,1,1
440831,80,clip_av_video_0_000.mp4,av,0,0
440831,81,clip_av_video_0_000.mp4,av,0,0
440831,82,clip_av_video_0_000.mp4,av,0,0
440831,83,clip_av_video_0_000.mp4,av,0,0
440831,84,clip_av_video_0_001.mp4,av,0,0
440831,85,clip_av_video_0_001.mp4,av,1,1
440831,86,clip_av_video_0_001.mp4,av,0,0
440831,87,clip_av_video_0_002.mp4,av,1,1
440831,88,clip_av_video_0_003.mp4,av,0,0
440831,89,clip_av_video_0_003.mp4,av,0,0
440831,90,clip_av_video_5_000.mp4,av,0,0
440831,91,clip_av_video_5_001.mp4,av,1,1
440831,92,clip_av_video_5_001.mp4,av,1,1
440831,93,clip_av_video_5_002.mp4,av,0,0
440831,94,clip_av_video_5_002.mp4,av,1,1
440831,95,clip_av_video_5_002.mp4,av,0,0
440831,96,clip_av_video_5_002.mp4,av,0,0
440831,97,clip_av_video_5_002.mp4,av,0,0
440831,98,clip_av_video_5_003.mp4,av,1,1
440831,99,clip_av_video_25_000.mp4,av,1,1
440831,100,clip_av_video_25_000.mp4,av,0,0
440831,101,clip_av_video_25_000.mp4,av,1,1
440831,102,clip_av_video_25_000.mp4,av,1,1
440831,103,clip_av_video_25_000.mp4,av,1,0
440831,104,clip_av_video_25_000.mp4,av,0,0
440831,105,clip_av_video_25_001.mp4,av,0,0
440831,106,clip_av_video_25_001.mp4,av,0,0
440831,107,clip_av_video_23_000.mp4,av,1,1
440831,108,clip_av_video_23_001.mp4,av,0,0
440831,109,clip_av_video_23_001.mp4,av,0,0
440831,110,clip_av_video_23_001.mp4,av,0,0
440831,111,clip_av_video_23_001.mp4,av,0,0
440831,112,clip_av_video_23_002.mp4,av,1,1
440831,113,clip_household_video_16_000.mp4,household,0,1
440831,114,clip_household_video_16_001.mp4,household,0,0
440831,115,clip_household_video_16_001.mp4,household,0,0
440831,116,clip_household_video_16_001.mp4,household,0,0
440831,117,clip_household_video_17_000.mp4,household,0,0
440831,118,clip_household_video_17_000.mp4,household,0,1
440831,119,clip_household_video_17_000.mp4,household,1,1
440831,120,clip_household_video_17_000.mp4,household,1,1
440831,121,clip_household_video_17_000.mp4,household,1,1
440831,122,clip_household_video_17_000.mp4,household,1,1
440831,123,clip_household_video_17_000.mp4,household,1,0
440831,124,clip_household_video_17_000.mp4,household,1,1
440831,125,clip_household_video_17_000.mp4,household,0,0
440831,126,clip_av_video_10_000.mp4,av,1,1
440831,127,clip_av_video_10_000.mp4,av,1,1
440831,128,clip_av_video_10_000.mp4,av,1,1
440831,129,clip_av_video_10_001.mp4,av,1,1
440831,130,clip_av_video_10_001.mp4,av,0,0
440831,131,clip_av_video_1_001.mp4,av,1,1
440831,132,clip_av_video_6_000.mp4,av,0,0
440831,133,clip_av_video_6_000.mp4,av,0,0
440831,134,clip_av_video_6_000.mp4,av,1,1
440831,135,clip_av_video_6_001.mp4,av,0,0
440831,136,clip_av_video_16_000.mp4,av,1,0
440831,137,clip_av_video_16_000.mp4,av,0,0
440831,138,clip_av_video_16_000.mp4,av,0,0
440831,139,clip_av_video_16_000.mp4,av,1,1
440831,140,clip_av_video_16_000.mp4,av,0,1
440831,141,clip_av_video_16_000.mp4,av,0,0
440831,142,clip_av_video_16_001.mp4,av,0,0
440831,143,clip_av_video_16_001.mp4,av,0,0
440831,144,clip_av_video_16_001.mp4,av,1,1
440831,145,clip_av_video_16_001.mp4,av,1,1
440831,146,clip_av_video_16_001.mp4,av,0,0
440831,147,clip_av_video_16_001.mp4,av,0,0
440831,148,clip_av_video_16_002.mp4,av,1,1
440831,149,clip_av_video_16_002.mp4,av,0,0
440831,150,clip_av_video_16_002.mp4,av,0,0
440831,151,clip_household_video_19_000.mp4,household,0,0
440831,152,clip_household_video_19_000.mp4,household,0,1
440831,153,clip_household_video_19_000.mp4,household,0,0
440831,154,clip_household_video_19_001.mp4,household,0,0
440831,155,clip_household_video_19_001.mp4,household,1,1
440831,156,clip_household_video_19_003.mp4,household,1,1
440831,157,clip_household_video_19_003.mp4,household,1,1
440831,158,clip_household_video_19_003.mp4,household,0,0
440831,159,clip_household_video_19_004.mp4,household,1,1
440831,160,clip_household_video_19_004.mp4,household,0,0
440831,161,clip_av_video_19_000.mp4,av,1,1
440831,162,clip_av_video_19_000.mp4,av,1,1
440831,163,clip_av_video_19_001.mp4,av,0,1
440831,164,clip_av_video_19_001.mp4,av,1,1
440831,165,clip_av_video_2_000.mp4,av,1,1
440831,166,clip_av_video_2_000.mp4,av,1,1
440831,167,clip_av_video_2_000.mp4,av,0,0
440831,168,clip_av_video_2_000.mp4,av,0,0
440831,169,clip_av_video_2_000.mp4,av,0,0
440831,170,clip_av_video_2_001.mp4,av,0,0
440831,171,clip_av_video_2_001.mp4,av,0,0
440831,172,clip_av_video_2_002.mp4,av,0,0
440831,173,clip_av_video_2_002.mp4,av,0,0
440831,174,clip_av_video_2_002.mp4,av,1,0
440831,175,clip_av_video_2_002.mp4,av,0,0
440831,176,clip_av_video_2_002.mp4,av,0,0
440831,177,clip_household_video_11_000.mp4,household,0,0
440831,178,clip_household_video_11_002.mp4,household,1,1
440831,179,clip_av_video_8_000.mp4,av,0,0
440831,180,clip_av_video_8_001.mp4,av,1,1
440831,181,clip_av_video_14_000.mp4,av,1,1
440831,182,clip_av_video_14_001.mp4,av,0,0
440831,183,clip_av_video_24_000.mp4,av,1,1
440831,184,clip_av_video_24_001.mp4,av,1,1
440831,185,clip_av_video_24_002.mp4,av,0,1
440831,186,clip_av_video_24_002.mp4,av,1,1
440831,187,clip_av_video_24_002.mp4,av,1,1
440831,188,clip_av_video_24_004.mp4,av,1,1
440831,189,clip_av_video_24_005.mp4,av,1,1
440831,190,clip_av_video_24_006.mp4,av,0,0
440831,191,clip_household_video_4_000.mp4,household,1,0
440831,192,clip_household_video_4_000.mp4,household,0,1
440831,193,clip_av_video_12_000.mp4,av,0,0
440831,194,clip_av_video_12_001.mp4,av,1,1
440831,195,clip_av_video_12_001.mp4,av,0,0
440831,196,clip_av_video_12_001.mp4,av,0,0
440831,197,clip_household_video_9_000.mp4,household,1,1
440831,198,clip_av_video_9_000.mp4,av,1,1
440831,199,clip_av_video_9_000.mp4,av,1,1
440831,200,clip_av_video_9_001.mp4,av,0,0
440831,201,clip_av_video_9_001.mp4,av,1,1
440831,202,clip_av_video_9_001.mp4,av,1,1
440831,203,clip_av_video_9_002.mp4,av,1,1
440831,204,clip_av_video_9_002.mp4,av,1,1
440831,205,clip_av_video_9_002.mp4,av,0,0
440831,206,clip_av_video_21_001.mp4,av,1,1
440831,207,clip_av_video_4_000.mp4,av,1,1
440831,208,clip_av_video_7_000.mp4,av,1,1
440831,209,clip_av_video_7_001.mp4,av,0,0
440831,210,clip_av_video_13_000.mp4,av,0,0
440831,211,clip_av_video_13_000.mp4,av,0,0
440831,212,clip_av_video_13_000.mp4,av,1,1
440831,213,clip_av_video_13_001.mp4,av,0,0
440831,214,clip_av_video_13_001.mp4,av,0,0
440831,215,clip_av_video_13_002.mp4,av,1,1
440831,216,clip_av_video_13_002.mp4,av,0,0
440831,217,clip_av_video_13_002.mp4,av,1,1
440831,218,clip_av_video_13_002.mp4,av,1,1
440831,219,clip_av_video_13_002.mp4,av,1,1
440831,220,clip_av_video_13_002.mp4,av,1,1
440831,221,clip_av_video_13_002.mp4,av,1,1
440831,222,clip_av_video_13_003.mp4,av,1,1
440831,223,clip_av_video_13_003.mp4,av,0,0
440831,224,clip_av_video_13_003.mp4,av,0,0
440831,225,clip_av_video_13_003.mp4,av,1,1
440831,226,clip_av_video_13_003.mp4,av,0,0
440831,227,clip_av_video_13_004.mp4,av,1,1
440831,228,clip_av_video_20_000.mp4,av,0,0
440831,229,clip_av_video_11_000.mp4,av,1,1
440831,230,clip_av_video_13_004.mp4,av,1,1
440831,231,clip_av_video_14_000.mp4,av,1,1
440831,232,clip_av_video_1_000.mp4,av,0,0
440831,233,clip_av_video_20_000.mp4,av,1,1
440831,234,clip_av_video_21_000.mp4,av,0,0
440831,235,clip_av_video_21_001.mp4,av,1,0
440831,236,clip_av_video_24_000.mp4,av,0,0
440831,237,clip_av_video_24_001.mp4,av,1,1
440831,238,clip_av_video_24_004.mp4,av,0,0
440831,239,clip_av_video_24_005.mp4,av,0,0
440831,240,clip_av_video_4_000.mp4,av,1,1
440831,241,clip_av_video_6_001.mp4,av,0,0
440831,242,clip_av_video_7_000.mp4,av,1,1
440831,243,clip_av_video_7_001.mp4,av,0,0
440831,244,clip_av_video_9_001.mp4,av,1,0
440831,245,clip_household_video_11_000.mp4,household,0,0
440831,246,clip_household_video_17_000.mp4,household,0,0
440831,247,clip_household_video_17_000.mp4,household,0,0
440831,248,clip_household_video_17_000.mp4,household,1,1
440831,249,clip_household_video_17_001.mp4,household,0,0
440831,250,clip_household_video_17_001.mp4,household,1,0
440831,251,clip_household_video_19_000.mp4,household,1,1
440831,252,clip_household_video_19_001.mp4,household,1,1
440831,253,clip_household_video_19_002.mp4,household,1,1
440831,254,clip_household_video_19_002.mp4,household,1,1
440831,255,clip_household_video_19_003.mp4,household,0,0
440831,256,clip_household_video_19_004.mp4,household,0,0
440831,257,clip_household_video_19_005.mp4,household,0,0
440831,258,clip_household_video_19_005.mp4,household,0,0
440831,259,clip_household_video_19_005.mp4,household,0,0
440831,260,clip_household_video_19_006.mp4,household,1,1
440831,261,clip_household_video_19_006.mp4,household,1,1
440831,262,clip_household_video_19_006.mp4,household,1,1
440831,263,clip_household_video_4_000.mp4,household,1,1
440831,264,clip_household_video_4_000.mp4,household,0,0
440831,265,clip_household_video_9_000.mp4,household,0,0
440831,266,clip_household_video_9_000.mp4,household,0,0
440831,267,clip_household_video_9_000.mp4,household,1,1
