policy,video_id,source,clip_index,frames,cold_first_batch,single_execution_seconds,attn_mode,generation_autocast,cuda_version,gpu_name,parameter_dtype,timing_scope
human_k16_seed440826,AVAD/V39_Guitar4,AVAD,0,16,True,0.37872112914919853,sdpa,,13.0,NVIDIA RTX A2000 12GB,float32,"Single execution wall time per batch: normalized RGB already on device, model.generate plus mask construction, CUDA synchronized. No warmup/repetition; first batch is cold. Excludes load/normalization/copy. Not a latency benchmark."
human_k16_seed440826,AVAD/V40_Guitar5,AVAD,1,16,False,0.3782560070976615,sdpa,,13.0,NVIDIA RTX A2000 12GB,float32,"Single execution wall time per batch: normalized RGB already on device, model.generate plus mask construction, CUDA synchronized. No warmup/repetition; first batch is cold. Excludes load/normalization/copy. Not a latency benchmark."
human_k16_seed440826,Coutrot_db1/clip21,Coutrot_db1,2,16,False,0.3782229917123914,sdpa,,13.0,NVIDIA RTX A2000 12GB,float32,"Single execution wall time per batch: normalized RGB already on device, model.generate plus mask construction, CUDA synchronized. No warmup/repetition; first batch is cold. Excludes load/normalization/copy. Not a latency benchmark."
human_k16_seed440826,Coutrot_db1/clip36,Coutrot_db1,3,16,False,0.3799265995621681,sdpa,,13.0,NVIDIA RTX A2000 12GB,float32,"Single execution wall time per batch: normalized RGB already on device, model.generate plus mask construction, CUDA synchronized. No warmup/repetition; first batch is cold. Excludes load/normalization/copy. Not a latency benchmark."
human_k16_seed440826,Coutrot_db2/clip12,Coutrot_db2,4,16,False,0.3784247413277626,sdpa,,13.0,NVIDIA RTX A2000 12GB,float32,"Single execution wall time per batch: normalized RGB already on device, model.generate plus mask construction, CUDA synchronized. No warmup/repetition; first batch is cold. Excludes load/normalization/copy. Not a latency benchmark."
human_k16_seed440826,Coutrot_db2/clip9,Coutrot_db2,5,16,False,0.3801277345046401,sdpa,,13.0,NVIDIA RTX A2000 12GB,float32,"Single execution wall time per batch: normalized RGB already on device, model.generate plus mask construction, CUDA synchronized. No warmup/repetition; first batch is cold. Excludes load/normalization/copy. Not a latency benchmark."
human_k16_seed440826,DIEM/home_movie_Charlie_bit_my_finger_again_960x720,DIEM,6,16,False,0.38473345153033733,sdpa,,13.0,NVIDIA RTX A2000 12GB,float32,"Single execution wall time per batch: normalized RGB already on device, model.generate plus mask construction, CUDA synchronized. No warmup/repetition; first batch is cold. Excludes load/normalization/copy. Not a latency benchmark."
human_k16_seed440826,DIEM/scottish_parliament_1152x864,DIEM,7,16,False,0.38446936197578907,sdpa,,13.0,NVIDIA RTX A2000 12GB,float32,"Single execution wall time per batch: normalized RGB already on device, model.generate plus mask construction, CUDA synchronized. No warmup/repetition; first batch is cold. Excludes load/normalization/copy. Not a latency benchmark."
human_k16_seed440826,ETMD_av/CRA_1_color,ETMD_av,8,16,False,0.39659719076007605,sdpa,,13.0,NVIDIA RTX A2000 12GB,float32,"Single execution wall time per batch: normalized RGB already on device, model.generate plus mask construction, CUDA synchronized. No warmup/repetition; first batch is cold. Excludes load/normalization/copy. Not a latency benchmark."
human_k16_seed440826,ETMD_av/CRA_2_color,ETMD_av,9,16,False,0.37873625010252,sdpa,,13.0,NVIDIA RTX A2000 12GB,float32,"Single execution wall time per batch: normalized RGB already on device, model.generate plus mask construction, CUDA synchronized. No warmup/repetition; first batch is cold. Excludes load/normalization/copy. Not a latency benchmark."
human_k16_seed440826,SumMe/Kids_playing_in_leaves,SumMe,10,16,False,0.39343936275690794,sdpa,,13.0,NVIDIA RTX A2000 12GB,float32,"Single execution wall time per batch: normalized RGB already on device, model.generate plus mask construction, CUDA synchronized. No warmup/repetition; first batch is cold. Excludes load/normalization/copy. Not a latency benchmark."
human_k16_seed440826,SumMe/Paintball,SumMe,11,16,False,0.3799075772985816,sdpa,,13.0,NVIDIA RTX A2000 12GB,float32,"Single execution wall time per batch: normalized RGB already on device, model.generate plus mask construction, CUDA synchronized. No warmup/repetition; first batch is cold. Excludes load/normalization/copy. Not a latency benchmark."
human_k16_seed440827,AVAD/V39_Guitar4,AVAD,0,16,True,0.3804777190089226,sdpa,,13.0,NVIDIA RTX A2000 12GB,float32,"Single execution wall time per batch: normalized RGB already on device, model.generate plus mask construction, CUDA synchronized. No warmup/repetition; first batch is cold. Excludes load/normalization/copy. Not a latency benchmark."
human_k16_seed440827,AVAD/V40_Guitar5,AVAD,1,16,False,0.37879131082445383,sdpa,,13.0,NVIDIA RTX A2000 12GB,float32,"Single execution wall time per batch: normalized RGB already on device, model.generate plus mask construction, CUDA synchronized. No warmup/repetition; first batch is cold. Excludes load/normalization/copy. Not a latency benchmark."
human_k16_seed440827,Coutrot_db1/clip21,Coutrot_db1,2,16,False,0.3761794622987509,sdpa,,13.0,NVIDIA RTX A2000 12GB,float32,"Single execution wall time per batch: normalized RGB already on device, model.generate plus mask construction, CUDA synchronized. No warmup/repetition; first batch is cold. Excludes load/normalization/copy. Not a latency benchmark."
human_k16_seed440827,Coutrot_db1/clip36,Coutrot_db1,3,16,False,0.3786264033988118,sdpa,,13.0,NVIDIA RTX A2000 12GB,float32,"Single execution wall time per batch: normalized RGB already on device, model.generate plus mask construction, CUDA synchronized. No warmup/repetition; first batch is cold. Excludes load/normalization/copy. Not a latency benchmark."
human_k16_seed440827,Coutrot_db2/clip12,Coutrot_db2,4,16,False,0.3877034056931734,sdpa,,13.0,NVIDIA RTX A2000 12GB,float32,"Single execution wall time per batch: normalized RGB already on device, model.generate plus mask construction, CUDA synchronized. No warmup/repetition; first batch is cold. Excludes load/normalization/copy. Not a latency benchmark."
human_k16_seed440827,Coutrot_db2/clip9,Coutrot_db2,5,16,False,0.38726934790611267,sdpa,,13.0,NVIDIA RTX A2000 12GB,float32,"Single execution wall time per batch: normalized RGB already on device, model.generate plus mask construction, CUDA synchronized. No warmup/repetition; first batch is cold. Excludes load/normalization/copy. Not a latency benchmark."
human_k16_seed440827,DIEM/home_movie_Charlie_bit_my_finger_again_960x720,DIEM,6,16,False,0.3873136378824711,sdpa,,13.0,NVIDIA RTX A2000 12GB,float32,"Single execution wall time per batch: normalized RGB already on device, model.generate plus mask construction, CUDA synchronized. No warmup/repetition; first batch is cold. Excludes load/normalization/copy. Not a latency benchmark."
human_k16_seed440827,DIEM/scottish_parliament_1152x864,DIEM,7,16,False,0.38218092173337936,sdpa,,13.0,NVIDIA RTX A2000 12GB,float32,"Single execution wall time per batch: normalized RGB already on device, model.generate plus mask construction, CUDA synchronized. No warmup/repetition; first batch is cold. Excludes load/normalization/copy. Not a latency benchmark."
human_k16_seed440827,ETMD_av/CRA_1_color,ETMD_av,8,16,False,0.3812827989459038,sdpa,,13.0,NVIDIA RTX A2000 12GB,float32,"Single execution wall time per batch: normalized RGB already on device, model.generate plus mask construction, CUDA synchronized. No warmup/repetition; first batch is cold. Excludes load/normalization/copy. Not a latency benchmark."
human_k16_seed440827,ETMD_av/CRA_2_color,ETMD_av,9,16,False,0.3936156826093793,sdpa,,13.0,NVIDIA RTX A2000 12GB,float32,"Single execution wall time per batch: normalized RGB already on device, model.generate plus mask construction, CUDA synchronized. No warmup/repetition; first batch is cold. Excludes load/normalization/copy. Not a latency benchmark."
human_k16_seed440827,SumMe/Kids_playing_in_leaves,SumMe,10,16,False,0.39315593522042036,sdpa,,13.0,NVIDIA RTX A2000 12GB,float32,"Single execution wall time per batch: normalized RGB already on device, model.generate plus mask construction, CUDA synchronized. No warmup/repetition; first batch is cold. Excludes load/normalization/copy. Not a latency benchmark."
human_k16_seed440827,SumMe/Paintball,SumMe,11,16,False,0.39520708192139864,sdpa,,13.0,NVIDIA RTX A2000 12GB,float32,"Single execution wall time per batch: normalized RGB already on device, model.generate plus mask construction, CUDA synchronized. No warmup/repetition; first batch is cold. Excludes load/normalization/copy. Not a latency benchmark."
human_k16_seed440828,AVAD/V39_Guitar4,AVAD,0,16,True,0.3787017883732915,sdpa,,13.0,NVIDIA RTX A2000 12GB,float32,"Single execution wall time per batch: normalized RGB already on device, model.generate plus mask construction, CUDA synchronized. No warmup/repetition; first batch is cold. Excludes load/normalization/copy. Not a latency benchmark."
human_k16_seed440828,AVAD/V40_Guitar5,AVAD,1,16,False,0.38064315915107727,sdpa,,13.0,NVIDIA RTX A2000 12GB,float32,"Single execution wall time per batch: normalized RGB already on device, model.generate plus mask construction, CUDA synchronized. No warmup/repetition; first batch is cold. Excludes load/normalization/copy. Not a latency benchmark."
human_k16_seed440828,Coutrot_db1/clip21,Coutrot_db1,2,16,False,0.37670609075576067,sdpa,,13.0,NVIDIA RTX A2000 12GB,float32,"Single execution wall time per batch: normalized RGB already on device, model.generate plus mask construction, CUDA synchronized. No warmup/repetition; first batch is cold. Excludes load/normalization/copy. Not a latency benchmark."
human_k16_seed440828,Coutrot_db1/clip36,Coutrot_db1,3,16,False,0.3750955108553171,sdpa,,13.0,NVIDIA RTX A2000 12GB,float32,"Single execution wall time per batch: normalized RGB already on device, model.generate plus mask construction, CUDA synchronized. No warmup/repetition; first batch is cold. Excludes load/normalization/copy. Not a latency benchmark."
human_k16_seed440828,Coutrot_db2/clip12,Coutrot_db2,4,16,False,0.3917168602347374,sdpa,,13.0,NVIDIA RTX A2000 12GB,float32,"Single execution wall time per batch: normalized RGB already on device, model.generate plus mask construction, CUDA synchronized. No warmup/repetition; first batch is cold. Excludes load/normalization/copy. Not a latency benchmark."
human_k16_seed440828,Coutrot_db2/clip9,Coutrot_db2,5,16,False,0.376878728158772,sdpa,,13.0,NVIDIA RTX A2000 12GB,float32,"Single execution wall time per batch: normalized RGB already on device, model.generate plus mask construction, CUDA synchronized. No warmup/repetition; first batch is cold. Excludes load/normalization/copy. Not a latency benchmark."
human_k16_seed440828,DIEM/home_movie_Charlie_bit_my_finger_again_960x720,DIEM,6,16,False,0.3763812901452184,sdpa,,13.0,NVIDIA RTX A2000 12GB,float32,"Single execution wall time per batch: normalized RGB already on device, model.generate plus mask construction, CUDA synchronized. No warmup/repetition; first batch is cold. Excludes load/normalization/copy. Not a latency benchmark."
human_k16_seed440828,DIEM/scottish_parliament_1152x864,DIEM,7,16,False,0.378968364559114,sdpa,,13.0,NVIDIA RTX A2000 12GB,float32,"Single execution wall time per batch: normalized RGB already on device, model.generate plus mask construction, CUDA synchronized. No warmup/repetition; first batch is cold. Excludes load/normalization/copy. Not a latency benchmark."
human_k16_seed440828,ETMD_av/CRA_1_color,ETMD_av,8,16,False,0.38242724910378456,sdpa,,13.0,NVIDIA RTX A2000 12GB,float32,"Single execution wall time per batch: normalized RGB already on device, model.generate plus mask construction, CUDA synchronized. No warmup/repetition; first batch is cold. Excludes load/normalization/copy. Not a latency benchmark."
human_k16_seed440828,ETMD_av/CRA_2_color,ETMD_av,9,16,False,0.3809106908738613,sdpa,,13.0,NVIDIA RTX A2000 12GB,float32,"Single execution wall time per batch: normalized RGB already on device, model.generate plus mask construction, CUDA synchronized. No warmup/repetition; first batch is cold. Excludes load/normalization/copy. Not a latency benchmark."
human_k16_seed440828,SumMe/Kids_playing_in_leaves,SumMe,10,16,False,0.38421383313834667,sdpa,,13.0,NVIDIA RTX A2000 12GB,float32,"Single execution wall time per batch: normalized RGB already on device, model.generate plus mask construction, CUDA synchronized. No warmup/repetition; first batch is cold. Excludes load/normalization/copy. Not a latency benchmark."
human_k16_seed440828,SumMe/Paintball,SumMe,11,16,False,0.3820426519960165,sdpa,,13.0,NVIDIA RTX A2000 12GB,float32,"Single execution wall time per batch: normalized RGB already on device, model.generate plus mask construction, CUDA synchronized. No warmup/repetition; first batch is cold. Excludes load/normalization/copy. Not a latency benchmark."
human_k16_seed440829,AVAD/V39_Guitar4,AVAD,0,16,True,0.38958616741001606,sdpa,,13.0,NVIDIA RTX A2000 12GB,float32,"Single execution wall time per batch: normalized RGB already on device, model.generate plus mask construction, CUDA synchronized. No warmup/repetition; first batch is cold. Excludes load/normalization/copy. Not a latency benchmark."
human_k16_seed440829,AVAD/V40_Guitar5,AVAD,1,16,False,0.3820036705583334,sdpa,,13.0,NVIDIA RTX A2000 12GB,float32,"Single execution wall time per batch: normalized RGB already on device, model.generate plus mask construction, CUDA synchronized. No warmup/repetition; first batch is cold. Excludes load/normalization/copy. Not a latency benchmark."
human_k16_seed440829,Coutrot_db1/clip21,Coutrot_db1,2,16,False,0.3924683164805174,sdpa,,13.0,NVIDIA RTX A2000 12GB,float32,"Single execution wall time per batch: normalized RGB already on device, model.generate plus mask construction, CUDA synchronized. No warmup/repetition; first batch is cold. Excludes load/normalization/copy. Not a latency benchmark."
human_k16_seed440829,Coutrot_db1/clip36,Coutrot_db1,3,16,False,0.38847763556987047,sdpa,,13.0,NVIDIA RTX A2000 12GB,float32,"Single execution wall time per batch: normalized RGB already on device, model.generate plus mask construction, CUDA synchronized. No warmup/repetition; first batch is cold. Excludes load/normalization/copy. Not a latency benchmark."
human_k16_seed440829,Coutrot_db2/clip12,Coutrot_db2,4,16,False,0.3893291028216481,sdpa,,13.0,NVIDIA RTX A2000 12GB,float32,"Single execution wall time per batch: normalized RGB already on device, model.generate plus mask construction, CUDA synchronized. No warmup/repetition; first batch is cold. Excludes load/normalization/copy. Not a latency benchmark."
human_k16_seed440829,Coutrot_db2/clip9,Coutrot_db2,5,16,False,0.3837857749313116,sdpa,,13.0,NVIDIA RTX A2000 12GB,float32,"Single execution wall time per batch: normalized RGB already on device, model.generate plus mask construction, CUDA synchronized. No warmup/repetition; first batch is cold. Excludes load/normalization/copy. Not a latency benchmark."
human_k16_seed440829,DIEM/home_movie_Charlie_bit_my_finger_again_960x720,DIEM,6,16,False,0.3827198501676321,sdpa,,13.0,NVIDIA RTX A2000 12GB,float32,"Single execution wall time per batch: normalized RGB already on device, model.generate plus mask construction, CUDA synchronized. No warmup/repetition; first batch is cold. Excludes load/normalization/copy. Not a latency benchmark."
human_k16_seed440829,DIEM/scottish_parliament_1152x864,DIEM,7,16,False,0.3858699593693018,sdpa,,13.0,NVIDIA RTX A2000 12GB,float32,"Single execution wall time per batch: normalized RGB already on device, model.generate plus mask construction, CUDA synchronized. No warmup/repetition; first batch is cold. Excludes load/normalization/copy. Not a latency benchmark."
human_k16_seed440829,ETMD_av/CRA_1_color,ETMD_av,8,16,False,0.39053105004131794,sdpa,,13.0,NVIDIA RTX A2000 12GB,float32,"Single execution wall time per batch: normalized RGB already on device, model.generate plus mask construction, CUDA synchronized. No warmup/repetition; first batch is cold. Excludes load/normalization/copy. Not a latency benchmark."
human_k16_seed440829,ETMD_av/CRA_2_color,ETMD_av,9,16,False,0.3814206812530756,sdpa,,13.0,NVIDIA RTX A2000 12GB,float32,"Single execution wall time per batch: normalized RGB already on device, model.generate plus mask construction, CUDA synchronized. No warmup/repetition; first batch is cold. Excludes load/normalization/copy. Not a latency benchmark."
human_k16_seed440829,SumMe/Kids_playing_in_leaves,SumMe,10,16,False,0.37489503156393766,sdpa,,13.0,NVIDIA RTX A2000 12GB,float32,"Single execution wall time per batch: normalized RGB already on device, model.generate plus mask construction, CUDA synchronized. No warmup/repetition; first batch is cold. Excludes load/normalization/copy. Not a latency benchmark."
human_k16_seed440829,SumMe/Paintball,SumMe,11,16,False,0.38054038491100073,sdpa,,13.0,NVIDIA RTX A2000 12GB,float32,"Single execution wall time per batch: normalized RGB already on device, model.generate plus mask construction, CUDA synchronized. No warmup/repetition; first batch is cold. Excludes load/normalization/copy. Not a latency benchmark."
human_k16_seed440830,AVAD/V39_Guitar4,AVAD,0,16,True,0.4082184983417392,sdpa,,13.0,NVIDIA RTX A2000 12GB,float32,"Single execution wall time per batch: normalized RGB already on device, model.generate plus mask construction, CUDA synchronized. No warmup/repetition; first batch is cold. Excludes load/normalization/copy. Not a latency benchmark."
human_k16_seed440830,AVAD/V40_Guitar5,AVAD,1,16,False,0.37937062606215477,sdpa,,13.0,NVIDIA RTX A2000 12GB,float32,"Single execution wall time per batch: normalized RGB already on device, model.generate plus mask construction, CUDA synchronized. No warmup/repetition; first batch is cold. Excludes load/normalization/copy. Not a latency benchmark."
human_k16_seed440830,Coutrot_db1/clip21,Coutrot_db1,2,16,False,0.37452586088329554,sdpa,,13.0,NVIDIA RTX A2000 12GB,float32,"Single execution wall time per batch: normalized RGB already on device, model.generate plus mask construction, CUDA synchronized. No warmup/repetition; first batch is cold. Excludes load/normalization/copy. Not a latency benchmark."
human_k16_seed440830,Coutrot_db1/clip36,Coutrot_db1,3,16,False,0.37384343333542347,sdpa,,13.0,NVIDIA RTX A2000 12GB,float32,"Single execution wall time per batch: normalized RGB already on device, model.generate plus mask construction, CUDA synchronized. No warmup/repetition; first batch is cold. Excludes load/normalization/copy. Not a latency benchmark."
human_k16_seed440830,Coutrot_db2/clip12,Coutrot_db2,4,16,False,0.382788572460413,sdpa,,13.0,NVIDIA RTX A2000 12GB,float32,"Single execution wall time per batch: normalized RGB already on device, model.generate plus mask construction, CUDA synchronized. No warmup/repetition; first batch is cold. Excludes load/normalization/copy. Not a latency benchmark."
human_k16_seed440830,Coutrot_db2/clip9,Coutrot_db2,5,16,False,0.37400392442941666,sdpa,,13.0,NVIDIA RTX A2000 12GB,float32,"Single execution wall time per batch: normalized RGB already on device, model.generate plus mask construction, CUDA synchronized. No warmup/repetition; first batch is cold. Excludes load/normalization/copy. Not a latency benchmark."
human_k16_seed440830,DIEM/home_movie_Charlie_bit_my_finger_again_960x720,DIEM,6,16,False,0.3788142753764987,sdpa,,13.0,NVIDIA RTX A2000 12GB,float32,"Single execution wall time per batch: normalized RGB already on device, model.generate plus mask construction, CUDA synchronized. No warmup/repetition; first batch is cold. Excludes load/normalization/copy. Not a latency benchmark."
human_k16_seed440830,DIEM/scottish_parliament_1152x864,DIEM,7,16,False,0.3848448311910033,sdpa,,13.0,NVIDIA RTX A2000 12GB,float32,"Single execution wall time per batch: normalized RGB already on device, model.generate plus mask construction, CUDA synchronized. No warmup/repetition; first batch is cold. Excludes load/normalization/copy. Not a latency benchmark."
human_k16_seed440830,ETMD_av/CRA_1_color,ETMD_av,8,16,False,0.3986296271905303,sdpa,,13.0,NVIDIA RTX A2000 12GB,float32,"Single execution wall time per batch: normalized RGB already on device, model.generate plus mask construction, CUDA synchronized. No warmup/repetition; first batch is cold. Excludes load/normalization/copy. Not a latency benchmark."
human_k16_seed440830,ETMD_av/CRA_2_color,ETMD_av,9,16,False,0.37993568647652864,sdpa,,13.0,NVIDIA RTX A2000 12GB,float32,"Single execution wall time per batch: normalized RGB already on device, model.generate plus mask construction, CUDA synchronized. No warmup/repetition; first batch is cold. Excludes load/normalization/copy. Not a latency benchmark."
human_k16_seed440830,SumMe/Kids_playing_in_leaves,SumMe,10,16,False,0.37466516625136137,sdpa,,13.0,NVIDIA RTX A2000 12GB,float32,"Single execution wall time per batch: normalized RGB already on device, model.generate plus mask construction, CUDA synchronized. No warmup/repetition; first batch is cold. Excludes load/normalization/copy. Not a latency benchmark."
human_k16_seed440830,SumMe/Paintball,SumMe,11,16,False,0.3800135003402829,sdpa,,13.0,NVIDIA RTX A2000 12GB,float32,"Single execution wall time per batch: normalized RGB already on device, model.generate plus mask construction, CUDA synchronized. No warmup/repetition; first batch is cold. Excludes load/normalization/copy. Not a latency benchmark."
human_k16_seed440831,AVAD/V39_Guitar4,AVAD,0,16,True,0.3782503940165043,sdpa,,13.0,NVIDIA RTX A2000 12GB,float32,"Single execution wall time per batch: normalized RGB already on device, model.generate plus mask construction, CUDA synchronized. No warmup/repetition; first batch is cold. Excludes load/normalization/copy. Not a latency benchmark."
human_k16_seed440831,AVAD/V40_Guitar5,AVAD,1,16,False,0.37614459078758955,sdpa,,13.0,NVIDIA RTX A2000 12GB,float32,"Single execution wall time per batch: normalized RGB already on device, model.generate plus mask construction, CUDA synchronized. No warmup/repetition; first batch is cold. Excludes load/normalization/copy. Not a latency benchmark."
human_k16_seed440831,Coutrot_db1/clip21,Coutrot_db1,2,16,False,0.37492867931723595,sdpa,,13.0,NVIDIA RTX A2000 12GB,float32,"Single execution wall time per batch: normalized RGB already on device, model.generate plus mask construction, CUDA synchronized. No warmup/repetition; first batch is cold. Excludes load/normalization/copy. Not a latency benchmark."
human_k16_seed440831,Coutrot_db1/clip36,Coutrot_db1,3,16,False,0.3757557775825262,sdpa,,13.0,NVIDIA RTX A2000 12GB,float32,"Single execution wall time per batch: normalized RGB already on device, model.generate plus mask construction, CUDA synchronized. No warmup/repetition; first batch is cold. Excludes load/normalization/copy. Not a latency benchmark."
human_k16_seed440831,Coutrot_db2/clip12,Coutrot_db2,4,16,False,0.3722470924258232,sdpa,,13.0,NVIDIA RTX A2000 12GB,float32,"Single execution wall time per batch: normalized RGB already on device, model.generate plus mask construction, CUDA synchronized. No warmup/repetition; first batch is cold. Excludes load/normalization/copy. Not a latency benchmark."
human_k16_seed440831,Coutrot_db2/clip9,Coutrot_db2,5,16,False,0.40846189856529236,sdpa,,13.0,NVIDIA RTX A2000 12GB,float32,"Single execution wall time per batch: normalized RGB already on device, model.generate plus mask construction, CUDA synchronized. No warmup/repetition; first batch is cold. Excludes load/normalization/copy. Not a latency benchmark."
human_k16_seed440831,DIEM/home_movie_Charlie_bit_my_finger_again_960x720,DIEM,6,16,False,0.40344134997576475,sdpa,,13.0,NVIDIA RTX A2000 12GB,float32,"Single execution wall time per batch: normalized RGB already on device, model.generate plus mask construction, CUDA synchronized. No warmup/repetition; first batch is cold. Excludes load/normalization/copy. Not a latency benchmark."
human_k16_seed440831,DIEM/scottish_parliament_1152x864,DIEM,7,16,False,0.3724216800183058,sdpa,,13.0,NVIDIA RTX A2000 12GB,float32,"Single execution wall time per batch: normalized RGB already on device, model.generate plus mask construction, CUDA synchronized. No warmup/repetition; first batch is cold. Excludes load/normalization/copy. Not a latency benchmark."
human_k16_seed440831,ETMD_av/CRA_1_color,ETMD_av,8,16,False,0.3931107809767127,sdpa,,13.0,NVIDIA RTX A2000 12GB,float32,"Single execution wall time per batch: normalized RGB already on device, model.generate plus mask construction, CUDA synchronized. No warmup/repetition; first batch is cold. Excludes load/normalization/copy. Not a latency benchmark."
human_k16_seed440831,ETMD_av/CRA_2_color,ETMD_av,9,16,False,0.3819007705897093,sdpa,,13.0,NVIDIA RTX A2000 12GB,float32,"Single execution wall time per batch: normalized RGB already on device, model.generate plus mask construction, CUDA synchronized. No warmup/repetition; first batch is cold. Excludes load/normalization/copy. Not a latency benchmark."
human_k16_seed440831,SumMe/Kids_playing_in_leaves,SumMe,10,16,False,0.37519708555191755,sdpa,,13.0,NVIDIA RTX A2000 12GB,float32,"Single execution wall time per batch: normalized RGB already on device, model.generate plus mask construction, CUDA synchronized. No warmup/repetition; first batch is cold. Excludes load/normalization/copy. Not a latency benchmark."
human_k16_seed440831,SumMe/Paintball,SumMe,11,16,False,0.37995073199272156,sdpa,,13.0,NVIDIA RTX A2000 12GB,float32,"Single execution wall time per batch: normalized RGB already on device, model.generate plus mask construction, CUDA synchronized. No warmup/repetition; first batch is cold. Excludes load/normalization/copy. Not a latency benchmark."
pretrained_k16,AVAD/V39_Guitar4,AVAD,0,16,True,3.9296217216178775,sdpa,,13.0,NVIDIA RTX A2000 12GB,float32,"Single execution wall time per batch: normalized RGB already on device, model.generate plus mask construction, CUDA synchronized. No warmup/repetition; first batch is cold. Excludes load/normalization/copy. Not a latency benchmark."
pretrained_k16,AVAD/V40_Guitar5,AVAD,1,16,False,0.3760107448324561,sdpa,,13.0,NVIDIA RTX A2000 12GB,float32,"Single execution wall time per batch: normalized RGB already on device, model.generate plus mask construction, CUDA synchronized. No warmup/repetition; first batch is cold. Excludes load/normalization/copy. Not a latency benchmark."
pretrained_k16,Coutrot_db1/clip21,Coutrot_db1,2,16,False,0.377380377613008,sdpa,,13.0,NVIDIA RTX A2000 12GB,float32,"Single execution wall time per batch: normalized RGB already on device, model.generate plus mask construction, CUDA synchronized. No warmup/repetition; first batch is cold. Excludes load/normalization/copy. Not a latency benchmark."
pretrained_k16,Coutrot_db1/clip36,Coutrot_db1,3,16,False,0.3817354766651988,sdpa,,13.0,NVIDIA RTX A2000 12GB,float32,"Single execution wall time per batch: normalized RGB already on device, model.generate plus mask construction, CUDA synchronized. No warmup/repetition; first batch is cold. Excludes load/normalization/copy. Not a latency benchmark."
pretrained_k16,Coutrot_db2/clip12,Coutrot_db2,4,16,False,0.4119706256315112,sdpa,,13.0,NVIDIA RTX A2000 12GB,float32,"Single execution wall time per batch: normalized RGB already on device, model.generate plus mask construction, CUDA synchronized. No warmup/repetition; first batch is cold. Excludes load/normalization/copy. Not a latency benchmark."
pretrained_k16,Coutrot_db2/clip9,Coutrot_db2,5,16,False,0.3810298452153802,sdpa,,13.0,NVIDIA RTX A2000 12GB,float32,"Single execution wall time per batch: normalized RGB already on device, model.generate plus mask construction, CUDA synchronized. No warmup/repetition; first batch is cold. Excludes load/normalization/copy. Not a latency benchmark."
pretrained_k16,DIEM/home_movie_Charlie_bit_my_finger_again_960x720,DIEM,6,16,False,0.3860888611525297,sdpa,,13.0,NVIDIA RTX A2000 12GB,float32,"Single execution wall time per batch: normalized RGB already on device, model.generate plus mask construction, CUDA synchronized. No warmup/repetition; first batch is cold. Excludes load/normalization/copy. Not a latency benchmark."
pretrained_k16,DIEM/scottish_parliament_1152x864,DIEM,7,16,False,0.5078646913170815,sdpa,,13.0,NVIDIA RTX A2000 12GB,float32,"Single execution wall time per batch: normalized RGB already on device, model.generate plus mask construction, CUDA synchronized. No warmup/repetition; first batch is cold. Excludes load/normalization/copy. Not a latency benchmark."
pretrained_k16,ETMD_av/CRA_1_color,ETMD_av,8,16,False,0.3796503059566021,sdpa,,13.0,NVIDIA RTX A2000 12GB,float32,"Single execution wall time per batch: normalized RGB already on device, model.generate plus mask construction, CUDA synchronized. No warmup/repetition; first batch is cold. Excludes load/normalization/copy. Not a latency benchmark."
pretrained_k16,ETMD_av/CRA_2_color,ETMD_av,9,16,False,0.3769220942631364,sdpa,,13.0,NVIDIA RTX A2000 12GB,float32,"Single execution wall time per batch: normalized RGB already on device, model.generate plus mask construction, CUDA synchronized. No warmup/repetition; first batch is cold. Excludes load/normalization/copy. Not a latency benchmark."
pretrained_k16,SumMe/Kids_playing_in_leaves,SumMe,10,16,False,0.3750191740691662,sdpa,,13.0,NVIDIA RTX A2000 12GB,float32,"Single execution wall time per batch: normalized RGB already on device, model.generate plus mask construction, CUDA synchronized. No warmup/repetition; first batch is cold. Excludes load/normalization/copy. Not a latency benchmark."
pretrained_k16,SumMe/Paintball,SumMe,11,16,False,0.3751000892370939,sdpa,,13.0,NVIDIA RTX A2000 12GB,float32,"Single execution wall time per batch: normalized RGB already on device, model.generate plus mask construction, CUDA synchronized. No warmup/repetition; first batch is cold. Excludes load/normalization/copy. Not a latency benchmark."
