protocol,group,video_id,source,endpoint_count,ms_per_frame
batch16,dense,AVAD/V39_Guitar4,AVAD,1,3.2054005714599043
batch16,dense,AVAD/V40_Guitar5,AVAD,1,3.226933680707589
batch16,dense,Coutrot_db1/clip21,Coutrot_db1,1,3.221321530872956
batch16,dense,Coutrot_db1/clip36,Coutrot_db1,1,3.2220200228039175
batch16,dense,Coutrot_db2/clip12,Coutrot_db2,1,3.2284789194818586
batch16,dense,Coutrot_db2/clip9,Coutrot_db2,1,3.2234370592050254
batch16,dense,DIEM/home_movie_Charlie_bit_my_finger_again_960x720,DIEM,1,3.2264583860524
batch16,dense,DIEM/scottish_parliament_1152x864,DIEM,1,3.2352775742765516
batch16,dense,ETMD_av/CRA_1_color,ETMD_av,1,3.239412122638896
batch16,dense,ETMD_av/CRA_2_color,ETMD_av,1,3.240753954742104
batch16,dense,SumMe/Kids_playing_in_leaves,SumMe,1,3.24000816908665
batch16,dense,SumMe/Paintball,SumMe,1,3.218585072318092
batch16,human,AVAD/V39_Guitar4,AVAD,6,8.059965829791812
batch16,human,AVAD/V40_Guitar5,AVAD,6,8.13050041809523
batch16,human,Coutrot_db1/clip21,Coutrot_db1,6,8.116085911751725
batch16,human,Coutrot_db1/clip36,Coutrot_db1,6,8.123819793884953
batch16,human,Coutrot_db2/clip12,Coutrot_db2,6,8.10694941416538
batch16,human,Coutrot_db2/clip9,Coutrot_db2,6,8.154003575327806
batch16,human,DIEM/home_movie_Charlie_bit_my_finger_again_960x720,DIEM,6,8.166334829487218
batch16,human,DIEM/scottish_parliament_1152x864,DIEM,6,8.139099183608778
batch16,human,ETMD_av/CRA_1_color,ETMD_av,6,8.1103719373156
batch16,human,ETMD_av/CRA_2_color,ETMD_av,6,8.125962083189128
batch16,human,SumMe/Kids_playing_in_leaves,SumMe,6,8.052885556632342
batch16,human,SumMe/Paintball,SumMe,6,8.096196703263558
batch16,random,AVAD/V39_Guitar4,AVAD,16,8.155251529387897
batch16,random,AVAD/V40_Guitar5,AVAD,16,8.106515717372531
batch16,random,Coutrot_db1/clip21,Coutrot_db1,16,8.104615853881114
batch16,random,Coutrot_db1/clip36,Coutrot_db1,16,8.19673373734986
batch16,random,Coutrot_db2/clip12,Coutrot_db2,16,8.151443058523
batch16,random,Coutrot_db2/clip9,Coutrot_db2,16,8.224148998124292
batch16,random,DIEM/home_movie_Charlie_bit_my_finger_again_960x720,DIEM,16,8.150022478730534
batch16,random,DIEM/scottish_parliament_1152x864,DIEM,16,8.174008216883522
batch16,random,ETMD_av/CRA_1_color,ETMD_av,16,8.10889199237863
batch16,random,ETMD_av/CRA_2_color,ETMD_av,16,8.156197216521832
batch16,random,SumMe/Kids_playing_in_leaves,SumMe,16,8.133637526043458
batch16,random,SumMe/Paintball,SumMe,16,8.13274299071054
batch16,central_k16,AVAD/V39_Guitar4,AVAD,1,8.099581085843965
batch16,central_k16,AVAD/V40_Guitar5,AVAD,1,8.154846815159544
batch16,central_k16,Coutrot_db1/clip21,Coutrot_db1,1,8.051506709307432
batch16,central_k16,Coutrot_db1/clip36,Coutrot_db1,1,8.170313347363845
batch16,central_k16,Coutrot_db2/clip12,Coutrot_db2,1,8.065811503911391
batch16,central_k16,Coutrot_db2/clip9,Coutrot_db2,1,8.095281576970592
batch16,central_k16,DIEM/home_movie_Charlie_bit_my_finger_again_960x720,DIEM,1,8.091031690128148
batch16,central_k16,DIEM/scottish_parliament_1152x864,DIEM,1,8.055304875597358
batch16,central_k16,ETMD_av/CRA_1_color,ETMD_av,1,8.261963579570875
batch16,central_k16,ETMD_av/CRA_2_color,ETMD_av,1,8.14775435719639
batch16,central_k16,SumMe/Kids_playing_in_leaves,SumMe,1,8.020968030905351
batch16,central_k16,SumMe/Paintball,SumMe,1,8.085442095762119
batch16,pretrained,AVAD/V39_Guitar4,AVAD,1,8.091443072771654
batch16,pretrained,AVAD/V40_Guitar5,AVAD,1,8.103250729618594
batch16,pretrained,Coutrot_db1/clip21,Coutrot_db1,1,8.130809001158923
batch16,pretrained,Coutrot_db1/clip36,Coutrot_db1,1,8.140483550960198
batch16,pretrained,Coutrot_db2/clip12,Coutrot_db2,1,8.074553246842697
batch16,pretrained,Coutrot_db2/clip9,Coutrot_db2,1,8.128717076033354
batch16,pretrained,DIEM/home_movie_Charlie_bit_my_finger_again_960x720,DIEM,1,8.029106684261933
batch16,pretrained,DIEM/scottish_parliament_1152x864,DIEM,1,8.202354452805594
batch16,pretrained,ETMD_av/CRA_1_color,ETMD_av,1,8.141648722812533
batch16,pretrained,ETMD_av/CRA_2_color,ETMD_av,1,8.020272885914892
batch16,pretrained,SumMe/Kids_playing_in_leaves,SumMe,1,8.08958150446415
batch16,pretrained,SumMe/Paintball,SumMe,1,8.05007223971188
batch16,tome_r5,AVAD/V39_Guitar4,AVAD,1,2.9893289029132575
batch16,tome_r5,AVAD/V40_Guitar5,AVAD,1,3.012417262652889
batch16,tome_r5,Coutrot_db1/clip21,Coutrot_db1,1,3.011903492733836
batch16,tome_r5,Coutrot_db1/clip36,Coutrot_db1,1,3.002155397552997
batch16,tome_r5,Coutrot_db2/clip12,Coutrot_db2,1,2.9961353866383433
batch16,tome_r5,Coutrot_db2/clip9,Coutrot_db2,1,2.9980175313539803
batch16,tome_r5,DIEM/home_movie_Charlie_bit_my_finger_again_960x720,DIEM,1,2.994978189235553
batch16,tome_r5,DIEM/scottish_parliament_1152x864,DIEM,1,3.0013628129381686
batch16,tome_r5,ETMD_av/CRA_1_color,ETMD_av,1,2.9944819398224354
batch16,tome_r5,ETMD_av/CRA_2_color,ETMD_av,1,2.9899452347308397
batch16,tome_r5,SumMe/Kids_playing_in_leaves,SumMe,1,2.986582083394751
batch16,tome_r5,SumMe/Paintball,SumMe,1,2.9961727850604802
batch16,tome_r10,AVAD/V39_Guitar4,AVAD,1,2.50740785850212
batch16,tome_r10,AVAD/V40_Guitar5,AVAD,1,2.5144552637357265
batch16,tome_r10,Coutrot_db1/clip21,Coutrot_db1,1,2.508140489226207
batch16,tome_r10,Coutrot_db1/clip36,Coutrot_db1,1,2.5085192755796015
batch16,tome_r10,Coutrot_db2/clip12,Coutrot_db2,1,2.527344971895218
batch16,tome_r10,Coutrot_db2/clip9,Coutrot_db2,1,2.519501489587128
batch16,tome_r10,DIEM/home_movie_Charlie_bit_my_finger_again_960x720,DIEM,1,2.521998161682859
batch16,tome_r10,DIEM/scottish_parliament_1152x864,DIEM,1,2.5238330417778343
batch16,tome_r10,ETMD_av/CRA_1_color,ETMD_av,1,2.5051810080185533
batch16,tome_r10,ETMD_av/CRA_2_color,ETMD_av,1,2.508855046471581
batch16,tome_r10,SumMe/Kids_playing_in_leaves,SumMe,1,2.512549515813589
batch16,tome_r10,SumMe/Paintball,SumMe,1,2.508578705601394
batch16,tome_r15,AVAD/V39_Guitar4,AVAD,1,2.0192516676615924
batch16,tome_r15,AVAD/V40_Guitar5,AVAD,1,1.9909797993022949
batch16,tome_r15,Coutrot_db1/clip21,Coutrot_db1,1,1.9991330918855965
batch16,tome_r15,Coutrot_db1/clip36,Coutrot_db1,1,1.9979670469183475
batch16,tome_r15,Coutrot_db2/clip12,Coutrot_db2,1,2.005756483413279
batch16,tome_r15,Coutrot_db2/clip9,Coutrot_db2,1,1.99615559540689
batch16,tome_r15,DIEM/home_movie_Charlie_bit_my_finger_again_960x720,DIEM,1,2.006346097914502
batch16,tome_r15,DIEM/scottish_parliament_1152x864,DIEM,1,2.0070682803634554
batch16,tome_r15,ETMD_av/CRA_1_color,ETMD_av,1,2.0007969869766384
batch16,tome_r15,ETMD_av/CRA_2_color,ETMD_av,1,2.0039632508996874
batch16,tome_r15,SumMe/Kids_playing_in_leaves,SumMe,1,2.004304522415623
batch16,tome_r15,SumMe/Paintball,SumMe,1,2.0039826922584325
batch1,dense,AVAD/V39_Guitar4,AVAD,1,11.067482992075384
batch1,dense,SumMe/Kids_playing_in_leaves,SumMe,1,10.977406520396471
batch1,human,AVAD/V39_Guitar4,AVAD,6,8.602654003576996
batch1,human,SumMe/Kids_playing_in_leaves,SumMe,6,8.515067146314928
batch1,random,AVAD/V39_Guitar4,AVAD,1,8.621804823633283
batch1,random,SumMe/Kids_playing_in_leaves,SumMe,1,8.68374202400446
batch1,central_k16,AVAD/V39_Guitar4,AVAD,1,8.607433584984392
batch1,central_k16,SumMe/Kids_playing_in_leaves,SumMe,1,8.651772775920108
batch1,pretrained,AVAD/V39_Guitar4,AVAD,1,8.539571485016495
batch1,pretrained,SumMe/Kids_playing_in_leaves,SumMe,1,8.569358062231913
batch1,tome_r5,AVAD/V39_Guitar4,AVAD,1,22.141235531307757
batch1,tome_r5,SumMe/Kids_playing_in_leaves,SumMe,1,22.002445708494633
batch1,tome_r10,AVAD/V39_Guitar4,AVAD,1,21.919262857409194
batch1,tome_r10,SumMe/Kids_playing_in_leaves,SumMe,1,21.976767427986488
batch1,tome_r15,AVAD/V39_Guitar4,AVAD,1,21.94340681307949
batch1,tome_r15,SumMe/Kids_playing_in_leaves,SumMe,1,21.81748562725261
batch1,spatial_block_r15,AVAD/V39_Guitar4,AVAD,1,33.31045585218817
batch1,spatial_block_r15,SumMe/Kids_playing_in_leaves,SumMe,1,32.996495719999075
