video_id,source,arm,group,protocol,ms_per_frame_median,ms_per_frame_q25,ms_per_frame_q75,repeats,unit
AVAD/V39_Guitar4,AVAD,dense,dense,batch16,3.2054005714599043,3.2007341942517087,3.2153392385225743,10,amortized ms/frame from one 16-frame call
AVAD/V39_Guitar4,AVAD,central_k16,central_k16,batch16,8.099581085843965,8.054960970184766,8.162922647898085,10,amortized ms/frame from one 16-frame call
AVAD/V39_Guitar4,AVAD,random_k16_seed2026090900,random,batch16,8.263492549303919,8.248914586147293,8.314363367389888,10,amortized ms/frame from one 16-frame call
AVAD/V39_Guitar4,AVAD,random_k16_seed2026090901,random,batch16,8.178759482689202,8.13534774351865,8.226277015637606,10,amortized ms/frame from one 16-frame call
AVAD/V39_Guitar4,AVAD,random_k16_seed2026090902,random,batch16,8.206892671296373,8.162831523804925,8.305702853249386,10,amortized ms/frame from one 16-frame call
AVAD/V39_Guitar4,AVAD,random_k16_seed2026090903,random,batch16,8.334144105901942,8.25168784649577,8.551056744181551,10,amortized ms/frame from one 16-frame call
AVAD/V39_Guitar4,AVAD,random_k16_seed2026090904,random,batch16,8.168007974745706,8.135414755088277,8.20282573113218,10,amortized ms/frame from one 16-frame call
AVAD/V39_Guitar4,AVAD,random_k16_seed2026090905,random,batch16,8.202630939194933,8.172001500497572,8.262987495982088,10,amortized ms/frame from one 16-frame call
AVAD/V39_Guitar4,AVAD,random_k16_seed2026090906,random,batch16,8.168263448169455,8.140681951772422,8.192518725991249,10,amortized ms/frame from one 16-frame call
AVAD/V39_Guitar4,AVAD,random_k16_seed2026090907,random,batch16,8.200216660043225,8.18576040910557,8.238073554821312,10,amortized ms/frame from one 16-frame call
AVAD/V39_Guitar4,AVAD,random_k16_seed2026090908,random,batch16,8.21375724626705,8.160836834576912,8.27047486382071,10,amortized ms/frame from one 16-frame call
AVAD/V39_Guitar4,AVAD,random_k16_seed2026090909,random,batch16,8.178011426934972,8.140976453432813,8.248752579675056,10,amortized ms/frame from one 16-frame call
AVAD/V39_Guitar4,AVAD,random_k16_seed2026090910,random,batch16,8.07300879387185,8.048200295888819,8.11329331190791,10,amortized ms/frame from one 16-frame call
AVAD/V39_Guitar4,AVAD,random_k16_seed2026090911,random,batch16,8.084631786914542,8.05190354003571,8.120907747070305,10,amortized ms/frame from one 16-frame call
AVAD/V39_Guitar4,AVAD,random_k16_seed2026090912,random,batch16,8.053114463109523,8.026619660085998,8.081653257249855,10,amortized ms/frame from one 16-frame call
AVAD/V39_Guitar4,AVAD,random_k16_seed2026090913,random,batch16,8.060381165705621,8.012268372112885,8.075348829152063,10,amortized ms/frame from one 16-frame call
AVAD/V39_Guitar4,AVAD,random_k16_seed2026090914,random,batch16,8.052952034631744,8.031357967411168,8.064618217758834,10,amortized ms/frame from one 16-frame call
AVAD/V39_Guitar4,AVAD,random_k16_seed2026090915,random,batch16,8.045759721426293,8.023131536901928,8.085638604825363,10,amortized ms/frame from one 16-frame call
AVAD/V39_Guitar4,AVAD,policy:human_k16_seed440826,human,batch16,8.046735456446186,8.037643623538315,8.07141704717651,10,amortized ms/frame from one 16-frame call
AVAD/V39_Guitar4,AVAD,policy:human_k16_seed440827,human,batch16,8.036457962589338,8.015249521122314,8.071102274698205,10,amortized ms/frame from one 16-frame call
AVAD/V39_Guitar4,AVAD,policy:human_k16_seed440828,human,batch16,8.070483454503119,8.031668548937887,8.10803400236182,10,amortized ms/frame from one 16-frame call
AVAD/V39_Guitar4,AVAD,policy:human_k16_seed440829,human,batch16,8.05645968648605,8.031807039515115,8.096451696474105,10,amortized ms/frame from one 16-frame call
AVAD/V39_Guitar4,AVAD,policy:human_k16_seed440830,human,batch16,8.040319458814338,7.973950108862482,8.051401644479483,10,amortized ms/frame from one 16-frame call
AVAD/V39_Guitar4,AVAD,policy:human_k16_seed440831,human,batch16,8.109338959911838,8.0712389171822,8.291234596981667,10,amortized ms/frame from one 16-frame call
AVAD/V39_Guitar4,AVAD,policy:pretrained_k16,pretrained,batch16,8.091443072771654,8.032472440390848,8.187981278751977,10,amortized ms/frame from one 16-frame call
AVAD/V39_Guitar4,AVAD,tome_r5,tome,batch16,2.9893289029132575,2.9865965188946575,2.9901719244662672,10,amortized ms/frame from one 16-frame call
AVAD/V39_Guitar4,AVAD,tome_r10,tome,batch16,2.50740785850212,2.5033416313817725,2.5155672192340717,10,amortized ms/frame from one 16-frame call
AVAD/V39_Guitar4,AVAD,tome_r15,tome,batch16,2.0192516676615924,2.010630094446242,2.0254228002158925,10,amortized ms/frame from one 16-frame call
AVAD/V40_Guitar5,AVAD,dense,dense,batch16,3.226933680707589,3.2093613262986764,3.2338768942281604,10,amortized ms/frame from one 16-frame call
AVAD/V40_Guitar5,AVAD,central_k16,central_k16,batch16,8.154846815159544,8.102574531221762,8.172789617674425,10,amortized ms/frame from one 16-frame call
AVAD/V40_Guitar5,AVAD,random_k16_seed2026090900,random,batch16,8.069649746175855,8.051734388573095,8.147698012180626,10,amortized ms/frame from one 16-frame call
AVAD/V40_Guitar5,AVAD,random_k16_seed2026090901,random,batch16,8.056915423367172,8.021651825401932,8.099930913886055,10,amortized ms/frame from one 16-frame call
AVAD/V40_Guitar5,AVAD,random_k16_seed2026090902,random,batch16,8.107001194730401,8.065695874392986,8.230748484493233,10,amortized ms/frame from one 16-frame call
AVAD/V40_Guitar5,AVAD,random_k16_seed2026090903,random,batch16,8.114366646623239,8.085755791398697,8.134759016684256,10,amortized ms/frame from one 16-frame call
AVAD/V40_Guitar5,AVAD,random_k16_seed2026090904,random,batch16,8.07440688367933,8.038144660531543,8.09729158936534,10,amortized ms/frame from one 16-frame call
AVAD/V40_Guitar5,AVAD,random_k16_seed2026090905,random,batch16,8.100404491415247,8.07291163073387,8.132895483868197,10,amortized ms/frame from one 16-frame call
AVAD/V40_Guitar5,AVAD,random_k16_seed2026090906,random,batch16,8.188018982764333,8.120821614284068,8.238128866651095,10,amortized ms/frame from one 16-frame call
AVAD/V40_Guitar5,AVAD,random_k16_seed2026090907,random,batch16,8.06216144701466,8.042138812015764,8.095993456663564,10,amortized ms/frame from one 16-frame call
AVAD/V40_Guitar5,AVAD,random_k16_seed2026090908,random,batch16,8.07166306185536,8.059496933128685,8.105639237328433,10,amortized ms/frame from one 16-frame call
AVAD/V40_Guitar5,AVAD,random_k16_seed2026090909,random,batch16,8.06845456827432,8.06343367730733,8.092511678114533,10,amortized ms/frame from one 16-frame call
AVAD/V40_Guitar5,AVAD,random_k16_seed2026090910,random,batch16,8.106511231744662,8.069922696449794,8.122949773678556,10,amortized ms/frame from one 16-frame call
AVAD/V40_Guitar5,AVAD,random_k16_seed2026090911,random,batch16,8.180914795957506,8.088849688647315,8.547902281861752,10,amortized ms/frame from one 16-frame call
AVAD/V40_Guitar5,AVAD,random_k16_seed2026090912,random,batch16,8.072517346590757,8.049940792261623,8.089456736342981,10,amortized ms/frame from one 16-frame call
AVAD/V40_Guitar5,AVAD,random_k16_seed2026090913,random,batch16,8.136212825775146,8.07379256002605,8.166528001311235,10,amortized ms/frame from one 16-frame call
AVAD/V40_Guitar5,AVAD,random_k16_seed2026090914,random,batch16,8.150777517585084,8.092355128610507,8.496348280459642,10,amortized ms/frame from one 16-frame call
AVAD/V40_Guitar5,AVAD,random_k16_seed2026090915,random,batch16,8.144275314407423,8.117887889966369,8.187835046555847,10,amortized ms/frame from one 16-frame call
AVAD/V40_Guitar5,AVAD,policy:human_k16_seed440826,human,batch16,8.153531758580357,8.09319069958292,8.202339944546111,10,amortized ms/frame from one 16-frame call
AVAD/V40_Guitar5,AVAD,policy:human_k16_seed440827,human,batch16,8.134940202580765,8.086749745416455,8.157336065778509,10,amortized ms/frame from one 16-frame call
AVAD/V40_Guitar5,AVAD,policy:human_k16_seed440828,human,batch16,8.064646885031834,8.043366280617192,8.12560471240431,10,amortized ms/frame from one 16-frame call
AVAD/V40_Guitar5,AVAD,policy:human_k16_seed440829,human,batch16,8.153015311108902,8.117384451907128,8.16243456210941,10,amortized ms/frame from one 16-frame call
AVAD/V40_Guitar5,AVAD,policy:human_k16_seed440830,human,batch16,8.169206645106897,8.104127846308984,8.33349596359767,10,amortized ms/frame from one 16-frame call
AVAD/V40_Guitar5,AVAD,policy:human_k16_seed440831,human,batch16,8.107661706162617,8.057837403612211,8.138198449159972,10,amortized ms/frame from one 16-frame call
AVAD/V40_Guitar5,AVAD,policy:pretrained_k16,pretrained,batch16,8.103250729618594,8.06656337226741,8.123911276925355,10,amortized ms/frame from one 16-frame call
AVAD/V40_Guitar5,AVAD,tome_r5,tome,batch16,3.012417262652889,2.9959977546241134,3.0211451230570674,10,amortized ms/frame from one 16-frame call
AVAD/V40_Guitar5,AVAD,tome_r10,tome,batch16,2.5144552637357265,2.5035354192368686,2.524604060454294,10,amortized ms/frame from one 16-frame call
AVAD/V40_Guitar5,AVAD,tome_r15,tome,batch16,1.9909797993022949,1.9869119714712724,1.9995612528873608,10,amortized ms/frame from one 16-frame call
Coutrot_db1/clip21,Coutrot_db1,dense,dense,batch16,3.221321530872956,3.2121119875228032,3.2282981410389766,10,amortized ms/frame from one 16-frame call
Coutrot_db1/clip21,Coutrot_db1,central_k16,central_k16,batch16,8.051506709307432,8.042827161261812,8.078316765022464,10,amortized ms/frame from one 16-frame call
Coutrot_db1/clip21,Coutrot_db1,random_k16_seed2026090900,random,batch16,8.134305331623182,8.047720111790113,8.268567034974694,10,amortized ms/frame from one 16-frame call
Coutrot_db1/clip21,Coutrot_db1,random_k16_seed2026090901,random,batch16,8.098857215372846,8.069775140029378,8.162797297700308,10,amortized ms/frame from one 16-frame call
Coutrot_db1/clip21,Coutrot_db1,random_k16_seed2026090902,random,batch16,8.049439697060734,8.032949015614577,8.115482909488492,10,amortized ms/frame from one 16-frame call
Coutrot_db1/clip21,Coutrot_db1,random_k16_seed2026090903,random,batch16,8.06891592219472,8.044791233260185,8.08547850465402,10,amortized ms/frame from one 16-frame call
Coutrot_db1/clip21,Coutrot_db1,random_k16_seed2026090904,random,batch16,8.059820713242516,8.026005030842498,8.090831586741842,10,amortized ms/frame from one 16-frame call
Coutrot_db1/clip21,Coutrot_db1,random_k16_seed2026090905,random,batch16,8.072308788541704,8.00601948867552,8.099695915007032,10,amortized ms/frame from one 16-frame call
Coutrot_db1/clip21,Coutrot_db1,random_k16_seed2026090906,random,batch16,8.101994812022895,8.075928504695185,8.156807714840397,10,amortized ms/frame from one 16-frame call
Coutrot_db1/clip21,Coutrot_db1,random_k16_seed2026090907,random,batch16,8.063512213993818,8.042577654123306,8.06997083418537,10,amortized ms/frame from one 16-frame call
Coutrot_db1/clip21,Coutrot_db1,random_k16_seed2026090908,random,batch16,8.02920587011613,7.997540262294933,8.077122183749452,10,amortized ms/frame from one 16-frame call
Coutrot_db1/clip21,Coutrot_db1,random_k16_seed2026090909,random,batch16,8.036471670493484,8.004313422134146,8.063844259595498,10,amortized ms/frame from one 16-frame call
Coutrot_db1/clip21,Coutrot_db1,random_k16_seed2026090910,random,batch16,8.19913821760565,8.126375279971398,8.2222656783415,10,amortized ms/frame from one 16-frame call
Coutrot_db1/clip21,Coutrot_db1,random_k16_seed2026090911,random,batch16,8.276284526800737,8.140230202116072,8.38078957167454,10,amortized ms/frame from one 16-frame call
Coutrot_db1/clip21,Coutrot_db1,random_k16_seed2026090912,random,batch16,8.145856350893155,8.050696109421551,8.28857536544092,10,amortized ms/frame from one 16-frame call
Coutrot_db1/clip21,Coutrot_db1,random_k16_seed2026090913,random,batch16,8.146766922436655,8.11086647445336,8.179737647878937,10,amortized ms/frame from one 16-frame call
Coutrot_db1/clip21,Coutrot_db1,random_k16_seed2026090914,random,batch16,8.089193142950535,8.043719630222768,8.105502085527405,10,amortized ms/frame from one 16-frame call
Coutrot_db1/clip21,Coutrot_db1,random_k16_seed2026090915,random,batch16,8.101782266749069,8.028771379031241,8.151526068104431,10,amortized ms/frame from one 16-frame call
Coutrot_db1/clip21,Coutrot_db1,policy:human_k16_seed440826,human,batch16,8.086247340543196,8.056867751292884,8.130546702886932,10,amortized ms/frame from one 16-frame call
Coutrot_db1/clip21,Coutrot_db1,policy:human_k16_seed440827,human,batch16,8.077156380750239,8.058267354499549,8.101026847725734,10,amortized ms/frame from one 16-frame call
Coutrot_db1/clip21,Coutrot_db1,policy:human_k16_seed440828,human,batch16,8.096988865872845,8.06673153419979,8.148062974214554,10,amortized ms/frame from one 16-frame call
Coutrot_db1/clip21,Coutrot_db1,policy:human_k16_seed440829,human,batch16,8.145636733388528,8.103679385385476,8.162518657627515,10,amortized ms/frame from one 16-frame call
Coutrot_db1/clip21,Coutrot_db1,policy:human_k16_seed440830,human,batch16,8.137712342431769,8.10699439898599,8.172894304152578,10,amortized ms/frame from one 16-frame call
Coutrot_db1/clip21,Coutrot_db1,policy:human_k16_seed440831,human,batch16,8.152773807523772,8.116339187836275,8.20137637492735,10,amortized ms/frame from one 16-frame call
Coutrot_db1/clip21,Coutrot_db1,policy:pretrained_k16,pretrained,batch16,8.130809001158923,8.111762610496953,8.18515825085342,10,amortized ms/frame from one 16-frame call
Coutrot_db1/clip21,Coutrot_db1,tome_r5,tome,batch16,3.011903492733836,3.0069999484112486,3.0230551055865362,10,amortized ms/frame from one 16-frame call
Coutrot_db1/clip21,Coutrot_db1,tome_r10,tome,batch16,2.508140489226207,2.499020687537268,2.5126862310571596,10,amortized ms/frame from one 16-frame call
Coutrot_db1/clip21,Coutrot_db1,tome_r15,tome,batch16,1.9991330918855965,1.9897319580195472,2.0001818193122745,10,amortized ms/frame from one 16-frame call
Coutrot_db1/clip36,Coutrot_db1,dense,dense,batch16,3.2220200228039175,3.2182271825149655,3.2260527077596635,10,amortized ms/frame from one 16-frame call
Coutrot_db1/clip36,Coutrot_db1,central_k16,central_k16,batch16,8.170313347363845,8.150973517331295,8.222905933507718,10,amortized ms/frame from one 16-frame call
Coutrot_db1/clip36,Coutrot_db1,random_k16_seed2026090900,random,batch16,8.191264554625377,8.158559721778147,8.206545739085414,10,amortized ms/frame from one 16-frame call
Coutrot_db1/clip36,Coutrot_db1,random_k16_seed2026090901,random,batch16,8.178263728041202,8.16467723052483,8.213699373300187,10,amortized ms/frame from one 16-frame call
Coutrot_db1/clip36,Coutrot_db1,random_k16_seed2026090902,random,batch16,8.180710283340886,8.146310763549991,8.225299578043632,10,amortized ms/frame from one 16-frame call
Coutrot_db1/clip36,Coutrot_db1,random_k16_seed2026090903,random,batch16,8.130718430038542,8.12277452496346,8.23278445750475,10,amortized ms/frame from one 16-frame call
Coutrot_db1/clip36,Coutrot_db1,random_k16_seed2026090904,random,batch16,8.197066053980961,8.141527257976122,8.2452459319029,10,amortized ms/frame from one 16-frame call
Coutrot_db1/clip36,Coutrot_db1,random_k16_seed2026090905,random,batch16,8.162791578797624,8.092372896499,8.259869980975054,10,amortized ms/frame from one 16-frame call
Coutrot_db1/clip36,Coutrot_db1,random_k16_seed2026090906,random,batch16,8.123011357383803,8.08515099924989,8.159378237905912,10,amortized ms/frame from one 16-frame call
Coutrot_db1/clip36,Coutrot_db1,random_k16_seed2026090907,random,batch16,8.13193281646818,8.093074735370465,8.41251628298778,10,amortized ms/frame from one 16-frame call
Coutrot_db1/clip36,Coutrot_db1,random_k16_seed2026090908,random,batch16,8.250042592408136,8.211181004298851,8.293987339129671,10,amortized ms/frame from one 16-frame call
Coutrot_db1/clip36,Coutrot_db1,random_k16_seed2026090909,random,batch16,8.306663134135306,8.211161693907343,8.386283443542197,10,amortized ms/frame from one 16-frame call
Coutrot_db1/clip36,Coutrot_db1,random_k16_seed2026090910,random,batch16,8.191096683731303,8.153412185492925,8.21450621879194,10,amortized ms/frame from one 16-frame call
Coutrot_db1/clip36,Coutrot_db1,random_k16_seed2026090911,random,batch16,8.074013312580064,8.044992937357165,8.162700149114244,10,amortized ms/frame from one 16-frame call
Coutrot_db1/clip36,Coutrot_db1,random_k16_seed2026090912,random,batch16,8.250357408542186,8.114230775390752,8.41893367760349,10,amortized ms/frame from one 16-frame call
Coutrot_db1/clip36,Coutrot_db1,random_k16_seed2026090913,random,batch16,8.620943845016882,8.378402344533242,8.792384804110043,10,amortized ms/frame from one 16-frame call
Coutrot_db1/clip36,Coutrot_db1,random_k16_seed2026090914,random,batch16,8.088277856586501,8.068604583968408,8.121412844047882,10,amortized ms/frame from one 16-frame call
Coutrot_db1/clip36,Coutrot_db1,random_k16_seed2026090915,random,batch16,8.0705861619208,8.047215320402756,8.095610362943262,10,amortized ms/frame from one 16-frame call
Coutrot_db1/clip36,Coutrot_db1,policy:human_k16_seed440826,human,batch16,8.078421640675515,8.037149644223973,8.138778037391603,10,amortized ms/frame from one 16-frame call
Coutrot_db1/clip36,Coutrot_db1,policy:human_k16_seed440827,human,batch16,8.142393140587956,8.079687191639096,8.228725215303712,10,amortized ms/frame from one 16-frame call
Coutrot_db1/clip36,Coutrot_db1,policy:human_k16_seed440828,human,batch16,8.081518695689738,8.022374415304512,8.117271630908363,10,amortized ms/frame from one 16-frame call
Coutrot_db1/clip36,Coutrot_db1,policy:human_k16_seed440829,human,batch16,8.097353944322094,8.059430110733956,8.107292887871154,10,amortized ms/frame from one 16-frame call
Coutrot_db1/clip36,Coutrot_db1,policy:human_k16_seed440830,human,batch16,8.252685045590624,8.126945220283233,9.02719481382519,10,amortized ms/frame from one 16-frame call
Coutrot_db1/clip36,Coutrot_db1,policy:human_k16_seed440831,human,batch16,8.09054629644379,8.043451976845972,8.11067273025401,10,amortized ms/frame from one 16-frame call
Coutrot_db1/clip36,Coutrot_db1,policy:pretrained_k16,pretrained,batch16,8.140483550960198,8.096362827927805,8.19464998494368,10,amortized ms/frame from one 16-frame call
Coutrot_db1/clip36,Coutrot_db1,tome_r5,tome,batch16,3.002155397552997,2.99778301268816,3.004271726240404,10,amortized ms/frame from one 16-frame call
Coutrot_db1/clip36,Coutrot_db1,tome_r10,tome,batch16,2.5085192755796015,2.5051048141904175,2.5150228466372937,10,amortized ms/frame from one 16-frame call
Coutrot_db1/clip36,Coutrot_db1,tome_r15,tome,batch16,1.9979670469183475,1.9936280295951292,2.004261201363988,10,amortized ms/frame from one 16-frame call
Coutrot_db2/clip12,Coutrot_db2,dense,dense,batch16,3.2284789194818586,3.220416430849582,3.236202072002925,10,amortized ms/frame from one 16-frame call
Coutrot_db2/clip12,Coutrot_db2,central_k16,central_k16,batch16,8.065811503911391,8.049283816944808,8.082502710749395,10,amortized ms/frame from one 16-frame call
Coutrot_db2/clip12,Coutrot_db2,random_k16_seed2026090900,random,batch16,8.072699914919212,8.052858509472571,8.093143507721834,10,amortized ms/frame from one 16-frame call
Coutrot_db2/clip12,Coutrot_db2,random_k16_seed2026090901,random,batch16,8.062991459155455,8.04273781250231,8.092315008980222,10,amortized ms/frame from one 16-frame call
Coutrot_db2/clip12,Coutrot_db2,random_k16_seed2026090902,random,batch16,8.086806337814778,8.046096161706373,8.928688650485128,10,amortized ms/frame from one 16-frame call
Coutrot_db2/clip12,Coutrot_db2,random_k16_seed2026090903,random,batch16,8.063472661888227,8.029163102037273,8.088779111858457,10,amortized ms/frame from one 16-frame call
Coutrot_db2/clip12,Coutrot_db2,random_k16_seed2026090904,random,batch16,8.080482512013987,8.036667306441814,8.08792958559934,10,amortized ms/frame from one 16-frame call
Coutrot_db2/clip12,Coutrot_db2,random_k16_seed2026090905,random,batch16,8.121529273921624,8.07128002634272,8.87733168201521,10,amortized ms/frame from one 16-frame call
Coutrot_db2/clip12,Coutrot_db2,random_k16_seed2026090906,random,batch16,8.211325504817069,8.04767025692854,8.403118481510319,10,amortized ms/frame from one 16-frame call
Coutrot_db2/clip12,Coutrot_db2,random_k16_seed2026090907,random,batch16,8.62038679770194,8.577903514378704,8.690498827490956,10,amortized ms/frame from one 16-frame call
Coutrot_db2/clip12,Coutrot_db2,random_k16_seed2026090908,random,batch16,8.11784723191522,8.033590158447623,8.194167414330877,10,amortized ms/frame from one 16-frame call
Coutrot_db2/clip12,Coutrot_db2,random_k16_seed2026090909,random,batch16,8.089417009614408,8.060833395575173,8.19900119677186,10,amortized ms/frame from one 16-frame call
Coutrot_db2/clip12,Coutrot_db2,random_k16_seed2026090910,random,batch16,8.125483815092593,8.065345435170457,8.157139192917384,10,amortized ms/frame from one 16-frame call
Coutrot_db2/clip12,Coutrot_db2,random_k16_seed2026090911,random,batch16,8.174092305125669,8.165543680661358,8.250504019088112,10,amortized ms/frame from one 16-frame call
Coutrot_db2/clip12,Coutrot_db2,random_k16_seed2026090912,random,batch16,8.166235202224925,8.12402501469478,8.178554402547888,10,amortized ms/frame from one 16-frame call
Coutrot_db2/clip12,Coutrot_db2,random_k16_seed2026090913,random,batch16,8.1321207981091,8.125832784571685,8.204017474781722,10,amortized ms/frame from one 16-frame call
Coutrot_db2/clip12,Coutrot_db2,random_k16_seed2026090914,random,batch16,8.128284040139988,8.112145340419374,8.299667213577777,10,amortized ms/frame from one 16-frame call
Coutrot_db2/clip12,Coutrot_db2,random_k16_seed2026090915,random,batch16,8.169914071913809,8.116321638226509,8.297629756270908,10,amortized ms/frame from one 16-frame call
Coutrot_db2/clip12,Coutrot_db2,policy:human_k16_seed440826,human,batch16,8.10409034602344,8.083712353254668,8.27992164704483,10,amortized ms/frame from one 16-frame call
Coutrot_db2/clip12,Coutrot_db2,policy:human_k16_seed440827,human,batch16,8.092617645161226,8.034464932279661,8.1987217272399,10,amortized ms/frame from one 16-frame call
Coutrot_db2/clip12,Coutrot_db2,policy:human_k16_seed440828,human,batch16,8.051948010688648,8.035381091758609,8.083595079369843,10,amortized ms/frame from one 16-frame call
Coutrot_db2/clip12,Coutrot_db2,policy:human_k16_seed440829,human,batch16,8.24285767157562,8.07205616729334,8.918821811676025,10,amortized ms/frame from one 16-frame call
Coutrot_db2/clip12,Coutrot_db2,policy:human_k16_seed440830,human,batch16,8.056259976001456,8.03556495520752,8.088710936135612,10,amortized ms/frame from one 16-frame call
Coutrot_db2/clip12,Coutrot_db2,policy:human_k16_seed440831,human,batch16,8.093922835541889,8.045509268413298,8.169438704499044,10,amortized ms/frame from one 16-frame call
Coutrot_db2/clip12,Coutrot_db2,policy:pretrained_k16,pretrained,batch16,8.074553246842697,8.048225776292384,8.399220037972555,10,amortized ms/frame from one 16-frame call
Coutrot_db2/clip12,Coutrot_db2,tome_r5,tome,batch16,2.9961353866383433,2.989700238686055,3.0082423327257857,10,amortized ms/frame from one 16-frame call
Coutrot_db2/clip12,Coutrot_db2,tome_r10,tome,batch16,2.527344971895218,2.519615678465925,2.528780954889953,10,amortized ms/frame from one 16-frame call
Coutrot_db2/clip12,Coutrot_db2,tome_r15,tome,batch16,2.005756483413279,2.000525448238477,2.011511998716742,10,amortized ms/frame from one 16-frame call
Coutrot_db2/clip9,Coutrot_db2,dense,dense,batch16,3.2234370592050254,3.2216775871347636,3.226083194022067,10,amortized ms/frame from one 16-frame call
Coutrot_db2/clip9,Coutrot_db2,central_k16,central_k16,batch16,8.095281576970592,8.06698270025663,8.304400849738158,10,amortized ms/frame from one 16-frame call
Coutrot_db2/clip9,Coutrot_db2,random_k16_seed2026090900,random,batch16,8.052663848502561,8.018059888854623,8.09705063875299,10,amortized ms/frame from one 16-frame call
Coutrot_db2/clip9,Coutrot_db2,random_k16_seed2026090901,random,batch16,8.105577377136797,8.080139887169935,8.245884120697156,10,amortized ms/frame from one 16-frame call
Coutrot_db2/clip9,Coutrot_db2,random_k16_seed2026090902,random,batch16,8.136025397107005,8.103451895294711,8.326725772349164,10,amortized ms/frame from one 16-frame call
Coutrot_db2/clip9,Coutrot_db2,random_k16_seed2026090903,random,batch16,8.647664391901344,8.611209850641899,8.717090066056699,10,amortized ms/frame from one 16-frame call
Coutrot_db2/clip9,Coutrot_db2,random_k16_seed2026090904,random,batch16,8.667306567076594,8.48437701642979,8.930650554248132,10,amortized ms/frame from one 16-frame call
Coutrot_db2/clip9,Coutrot_db2,random_k16_seed2026090905,random,batch16,8.146624284563586,8.118242796626873,8.302290691062808,10,amortized ms/frame from one 16-frame call
Coutrot_db2/clip9,Coutrot_db2,random_k16_seed2026090906,random,batch16,8.139119308907539,8.086502086371183,8.18057254946325,10,amortized ms/frame from one 16-frame call
Coutrot_db2/clip9,Coutrot_db2,random_k16_seed2026090907,random,batch16,8.116416545817629,8.092955657048151,8.20954775554128,10,amortized ms/frame from one 16-frame call
Coutrot_db2/clip9,Coutrot_db2,random_k16_seed2026090908,random,batch16,8.102253923425451,8.041383916861378,8.149533357936889,10,amortized ms/frame from one 16-frame call
Coutrot_db2/clip9,Coutrot_db2,random_k16_seed2026090909,random,batch16,8.644420886412263,8.368107679416426,8.760394935961813,10,amortized ms/frame from one 16-frame call
Coutrot_db2/clip9,Coutrot_db2,random_k16_seed2026090910,random,batch16,8.040835673455149,8.025249218917452,8.100062099401839,10,amortized ms/frame from one 16-frame call
Coutrot_db2/clip9,Coutrot_db2,random_k16_seed2026090911,random,batch16,8.080378320300952,8.068348746746778,8.121230028336868,10,amortized ms/frame from one 16-frame call
Coutrot_db2/clip9,Coutrot_db2,random_k16_seed2026090912,random,batch16,8.11621273169294,8.054890349740162,8.174125119694509,10,amortized ms/frame from one 16-frame call
Coutrot_db2/clip9,Coutrot_db2,random_k16_seed2026090913,random,batch16,8.428145461948588,8.25069221900776,8.83863632043358,10,amortized ms/frame from one 16-frame call
Coutrot_db2/clip9,Coutrot_db2,random_k16_seed2026090914,random,batch16,8.07497205096297,8.02586654026527,8.1080357049359,10,amortized ms/frame from one 16-frame call
Coutrot_db2/clip9,Coutrot_db2,random_k16_seed2026090915,random,batch16,8.087767200777307,8.06511371047236,8.109898291877471,10,amortized ms/frame from one 16-frame call
Coutrot_db2/clip9,Coutrot_db2,policy:human_k16_seed440826,human,batch16,8.10719290166162,8.050564472796395,8.145081985276192,10,amortized ms/frame from one 16-frame call
Coutrot_db2/clip9,Coutrot_db2,policy:human_k16_seed440827,human,batch16,8.24925713823177,8.208654588088393,8.272111066617072,10,amortized ms/frame from one 16-frame call
Coutrot_db2/clip9,Coutrot_db2,policy:human_k16_seed440828,human,batch16,8.134443341987208,8.125323103740811,8.201487784390338,10,amortized ms/frame from one 16-frame call
Coutrot_db2/clip9,Coutrot_db2,policy:human_k16_seed440829,human,batch16,8.30641490756534,8.193283370928839,8.709841044037603,10,amortized ms/frame from one 16-frame call
Coutrot_db2/clip9,Coutrot_db2,policy:human_k16_seed440830,human,batch16,8.050177595578134,8.026675757719204,8.079600651399232,10,amortized ms/frame from one 16-frame call
Coutrot_db2/clip9,Coutrot_db2,policy:human_k16_seed440831,human,batch16,8.076535566942766,8.061762709985487,8.172109024599195,10,amortized ms/frame from one 16-frame call
Coutrot_db2/clip9,Coutrot_db2,policy:pretrained_k16,pretrained,batch16,8.128717076033354,8.070012292591855,8.629387724795379,10,amortized ms/frame from one 16-frame call
Coutrot_db2/clip9,Coutrot_db2,tome_r5,tome,batch16,2.9980175313539803,2.9926725692348555,3.006836850545369,10,amortized ms/frame from one 16-frame call
Coutrot_db2/clip9,Coutrot_db2,tome_r10,tome,batch16,2.519501489587128,2.516986831324175,2.52667858148925,10,amortized ms/frame from one 16-frame call
Coutrot_db2/clip9,Coutrot_db2,tome_r15,tome,batch16,1.99615559540689,1.9888612732756883,2.004038789891638,10,amortized ms/frame from one 16-frame call
DIEM/home_movie_Charlie_bit_my_finger_again_960x720,DIEM,dense,dense,batch16,3.2264583860524,3.222498082323,3.2304226770065725,10,amortized ms/frame from one 16-frame call
DIEM/home_movie_Charlie_bit_my_finger_again_960x720,DIEM,central_k16,central_k16,batch16,8.091031690128148,8.080500396317802,8.11662401247304,10,amortized ms/frame from one 16-frame call
DIEM/home_movie_Charlie_bit_my_finger_again_960x720,DIEM,random_k16_seed2026090900,random,batch16,8.114182273857296,8.10391377308406,8.159295641235076,10,amortized ms/frame from one 16-frame call
DIEM/home_movie_Charlie_bit_my_finger_again_960x720,DIEM,random_k16_seed2026090901,random,batch16,8.117395685985684,8.091747484286316,8.244429482147098,10,amortized ms/frame from one 16-frame call
DIEM/home_movie_Charlie_bit_my_finger_again_960x720,DIEM,random_k16_seed2026090902,random,batch16,8.10788871604018,8.060241612838581,8.13835859298706,10,amortized ms/frame from one 16-frame call
DIEM/home_movie_Charlie_bit_my_finger_again_960x720,DIEM,random_k16_seed2026090903,random,batch16,8.086128014838323,8.078589686192572,8.149351124302484,10,amortized ms/frame from one 16-frame call
DIEM/home_movie_Charlie_bit_my_finger_again_960x720,DIEM,random_k16_seed2026090904,random,batch16,8.196380425943062,8.153374088578857,8.2709428970702,10,amortized ms/frame from one 16-frame call
DIEM/home_movie_Charlie_bit_my_finger_again_960x720,DIEM,random_k16_seed2026090905,random,batch16,8.151617395924404,8.125782595016062,8.23582183511462,10,amortized ms/frame from one 16-frame call
DIEM/home_movie_Charlie_bit_my_finger_again_960x720,DIEM,random_k16_seed2026090906,random,batch16,8.134465490002185,8.118024881696329,8.424185973126441,10,amortized ms/frame from one 16-frame call
DIEM/home_movie_Charlie_bit_my_finger_again_960x720,DIEM,random_k16_seed2026090907,random,batch16,8.075486402958632,8.050502656260505,8.113399540889077,10,amortized ms/frame from one 16-frame call
DIEM/home_movie_Charlie_bit_my_finger_again_960x720,DIEM,random_k16_seed2026090908,random,batch16,8.14297390752472,8.048695293837227,8.293970226077363,10,amortized ms/frame from one 16-frame call
DIEM/home_movie_Charlie_bit_my_finger_again_960x720,DIEM,random_k16_seed2026090909,random,batch16,8.282465336378664,8.071337782894261,8.821572831948288,10,amortized ms/frame from one 16-frame call
DIEM/home_movie_Charlie_bit_my_finger_again_960x720,DIEM,random_k16_seed2026090910,random,batch16,8.072578610153869,8.0436506686965,8.093686497886665,10,amortized ms/frame from one 16-frame call
DIEM/home_movie_Charlie_bit_my_finger_again_960x720,DIEM,random_k16_seed2026090911,random,batch16,8.158189506502822,8.068121824180707,8.252132247434929,10,amortized ms/frame from one 16-frame call
DIEM/home_movie_Charlie_bit_my_finger_again_960x720,DIEM,random_k16_seed2026090912,random,batch16,8.147119922796264,8.103948246571235,8.965258253738284,10,amortized ms/frame from one 16-frame call
DIEM/home_movie_Charlie_bit_my_finger_again_960x720,DIEM,random_k16_seed2026090913,random,batch16,8.093803568044677,8.062066030106507,8.112200448522344,10,amortized ms/frame from one 16-frame call
DIEM/home_movie_Charlie_bit_my_finger_again_960x720,DIEM,random_k16_seed2026090914,random,batch16,8.468756161164492,8.12760779808741,8.898775820853189,10,amortized ms/frame from one 16-frame call
DIEM/home_movie_Charlie_bit_my_finger_again_960x720,DIEM,random_k16_seed2026090915,random,batch16,8.050928241573274,8.031999866943806,8.089084731182083,10,amortized ms/frame from one 16-frame call
DIEM/home_movie_Charlie_bit_my_finger_again_960x720,DIEM,policy:human_k16_seed440826,human,batch16,8.100622246274725,8.059804822551087,8.154220166034065,10,amortized ms/frame from one 16-frame call
DIEM/home_movie_Charlie_bit_my_finger_again_960x720,DIEM,policy:human_k16_seed440827,human,batch16,8.344135276274756,8.070532145211473,9.017334232339635,10,amortized ms/frame from one 16-frame call
DIEM/home_movie_Charlie_bit_my_finger_again_960x720,DIEM,policy:human_k16_seed440828,human,batch16,8.10370419640094,8.069909818004817,8.2092249795096,10,amortized ms/frame from one 16-frame call
DIEM/home_movie_Charlie_bit_my_finger_again_960x720,DIEM,policy:human_k16_seed440829,human,batch16,8.157877426128834,8.14217455626931,8.196262540877797,10,amortized ms/frame from one 16-frame call
DIEM/home_movie_Charlie_bit_my_finger_again_960x720,DIEM,policy:human_k16_seed440830,human,batch16,8.221634168876335,8.154462979291566,8.247266086982563,10,amortized ms/frame from one 16-frame call
DIEM/home_movie_Charlie_bit_my_finger_again_960x720,DIEM,policy:human_k16_seed440831,human,batch16,8.070035662967712,8.034512429730967,8.096957812085748,10,amortized ms/frame from one 16-frame call
DIEM/home_movie_Charlie_bit_my_finger_again_960x720,DIEM,policy:pretrained_k16,pretrained,batch16,8.029106684261933,8.006910109543242,8.07594633079134,10,amortized ms/frame from one 16-frame call
DIEM/home_movie_Charlie_bit_my_finger_again_960x720,DIEM,tome_r5,tome,batch16,2.994978189235553,2.988827385706827,3.012587403645739,10,amortized ms/frame from one 16-frame call
DIEM/home_movie_Charlie_bit_my_finger_again_960x720,DIEM,tome_r10,tome,batch16,2.521998161682859,2.5179225485771894,2.5285879091825336,10,amortized ms/frame from one 16-frame call
DIEM/home_movie_Charlie_bit_my_finger_again_960x720,DIEM,tome_r15,tome,batch16,2.006346097914502,1.9986175902886316,2.0113587961532176,10,amortized ms/frame from one 16-frame call
DIEM/scottish_parliament_1152x864,DIEM,dense,dense,batch16,3.2352775742765516,3.2258622377412394,3.2509064476471394,10,amortized ms/frame from one 16-frame call
DIEM/scottish_parliament_1152x864,DIEM,central_k16,central_k16,batch16,8.055304875597358,8.013606959138997,8.06938904861454,10,amortized ms/frame from one 16-frame call
DIEM/scottish_parliament_1152x864,DIEM,random_k16_seed2026090900,random,batch16,8.079769875621423,8.073587116086856,8.11878360400442,10,amortized ms/frame from one 16-frame call
DIEM/scottish_parliament_1152x864,DIEM,random_k16_seed2026090901,random,batch16,8.050992706557736,8.032351033762097,8.118429177557118,10,amortized ms/frame from one 16-frame call
DIEM/scottish_parliament_1152x864,DIEM,random_k16_seed2026090902,random,batch16,8.170517161488533,8.152582217007875,8.27231707808096,10,amortized ms/frame from one 16-frame call
DIEM/scottish_parliament_1152x864,DIEM,random_k16_seed2026090903,random,batch16,8.180708100553602,8.148259090376087,8.261993105406873,10,amortized ms/frame from one 16-frame call
DIEM/scottish_parliament_1152x864,DIEM,random_k16_seed2026090904,random,batch16,8.213788649300113,8.161321806255728,8.272938517620787,10,amortized ms/frame from one 16-frame call
DIEM/scottish_parliament_1152x864,DIEM,random_k16_seed2026090905,random,batch16,8.24371026828885,8.181894358131103,8.526467136107385,10,amortized ms/frame from one 16-frame call
DIEM/scottish_parliament_1152x864,DIEM,random_k16_seed2026090906,random,batch16,8.208989893319085,8.15975664590951,8.336356084328145,10,amortized ms/frame from one 16-frame call
DIEM/scottish_parliament_1152x864,DIEM,random_k16_seed2026090907,random,batch16,8.141555939801037,8.10838864708785,8.209893698222004,10,amortized ms/frame from one 16-frame call
DIEM/scottish_parliament_1152x864,DIEM,random_k16_seed2026090908,random,batch16,8.277108427137136,8.21460975566879,8.320422333781607,10,amortized ms/frame from one 16-frame call
DIEM/scottish_parliament_1152x864,DIEM,random_k16_seed2026090909,random,batch16,8.14317591721192,8.115769058349542,8.18107028317172,10,amortized ms/frame from one 16-frame call
DIEM/scottish_parliament_1152x864,DIEM,random_k16_seed2026090910,random,batch16,8.268537203548476,8.201532036764547,8.92535992898047,10,amortized ms/frame from one 16-frame call
DIEM/scottish_parliament_1152x864,DIEM,random_k16_seed2026090911,random,batch16,8.209100138628855,8.16552815376781,8.356236736290157,10,amortized ms/frame from one 16-frame call
DIEM/scottish_parliament_1152x864,DIEM,random_k16_seed2026090912,random,batch16,8.123553852783516,8.097186146187596,8.140974066918716,10,amortized ms/frame from one 16-frame call
DIEM/scottish_parliament_1152x864,DIEM,random_k16_seed2026090913,random,batch16,8.182196092093363,8.14887102751527,8.209883337258361,10,amortized ms/frame from one 16-frame call
DIEM/scottish_parliament_1152x864,DIEM,random_k16_seed2026090914,random,batch16,8.117271005176008,8.096125355223194,8.231313549913466,10,amortized ms/frame from one 16-frame call
DIEM/scottish_parliament_1152x864,DIEM,random_k16_seed2026090915,random,batch16,8.173156238626689,8.132812319672666,8.211868203943595,10,amortized ms/frame from one 16-frame call
DIEM/scottish_parliament_1152x864,DIEM,policy:human_k16_seed440826,human,batch16,8.199442934710532,8.130540605634451,8.327095667482354,10,amortized ms/frame from one 16-frame call
DIEM/scottish_parliament_1152x864,DIEM,policy:human_k16_seed440827,human,batch16,8.158865617588162,8.098525082459673,8.205191828892566,10,amortized ms/frame from one 16-frame call
DIEM/scottish_parliament_1152x864,DIEM,policy:human_k16_seed440828,human,batch16,8.061383501626551,8.04025110846851,8.125794745865278,10,amortized ms/frame from one 16-frame call
DIEM/scottish_parliament_1152x864,DIEM,policy:human_k16_seed440829,human,batch16,8.180697011994198,8.093271098914556,8.90454305044841,10,amortized ms/frame from one 16-frame call
DIEM/scottish_parliament_1152x864,DIEM,policy:human_k16_seed440830,human,batch16,8.130246627843007,8.116303913993761,8.184383375919424,10,amortized ms/frame from one 16-frame call
DIEM/scottish_parliament_1152x864,DIEM,policy:human_k16_seed440831,human,batch16,8.103959407890216,8.085738591034897,8.161941761500202,10,amortized ms/frame from one 16-frame call
DIEM/scottish_parliament_1152x864,DIEM,policy:pretrained_k16,pretrained,batch16,8.202354452805594,8.160668599884957,8.85914075479377,10,amortized ms/frame from one 16-frame call
DIEM/scottish_parliament_1152x864,DIEM,tome_r5,tome,batch16,3.0013628129381686,2.992397334310226,3.0054789531277493,10,amortized ms/frame from one 16-frame call
DIEM/scottish_parliament_1152x864,DIEM,tome_r10,tome,batch16,2.5238330417778343,2.5189400039380416,2.5268555764341727,10,amortized ms/frame from one 16-frame call
DIEM/scottish_parliament_1152x864,DIEM,tome_r15,tome,batch16,2.0070682803634554,1.9946155516663566,2.010792071814649,10,amortized ms/frame from one 16-frame call
ETMD_av/CRA_1_color,ETMD_av,dense,dense,batch16,3.239412122638896,3.237825076212175,3.2412235159426928,10,amortized ms/frame from one 16-frame call
ETMD_av/CRA_1_color,ETMD_av,central_k16,central_k16,batch16,8.261963579570875,8.022620721021667,8.838778696372174,10,amortized ms/frame from one 16-frame call
ETMD_av/CRA_1_color,ETMD_av,random_k16_seed2026090900,random,batch16,8.044721296755597,8.03141642245464,8.062096108915284,10,amortized ms/frame from one 16-frame call
ETMD_av/CRA_1_color,ETMD_av,random_k16_seed2026090901,random,batch16,8.05710893473588,8.03726285812445,8.099195416434668,10,amortized ms/frame from one 16-frame call
ETMD_av/CRA_1_color,ETMD_av,random_k16_seed2026090902,random,batch16,8.093654090771452,8.07481972151436,8.12424712057691,10,amortized ms/frame from one 16-frame call
ETMD_av/CRA_1_color,ETMD_av,random_k16_seed2026090903,random,batch16,8.079457154963166,8.051081109442748,8.098145059193484,10,amortized ms/frame from one 16-frame call
ETMD_av/CRA_1_color,ETMD_av,random_k16_seed2026090904,random,batch16,8.139713114360347,8.087565351161174,8.25885850645136,10,amortized ms/frame from one 16-frame call
ETMD_av/CRA_1_color,ETMD_av,random_k16_seed2026090905,random,batch16,8.13425300293602,8.101395185803995,8.166120926034637,10,amortized ms/frame from one 16-frame call
ETMD_av/CRA_1_color,ETMD_av,random_k16_seed2026090906,random,batch16,8.096718258457258,8.08144146867562,8.145780797349289,10,amortized ms/frame from one 16-frame call
ETMD_av/CRA_1_color,ETMD_av,random_k16_seed2026090907,random,batch16,8.116738667013124,8.06342184660025,8.152966169291176,10,amortized ms/frame from one 16-frame call
ETMD_av/CRA_1_color,ETMD_av,random_k16_seed2026090908,random,batch16,8.08158321888186,8.070069132372737,8.12149619741831,10,amortized ms/frame from one 16-frame call
ETMD_av/CRA_1_color,ETMD_av,random_k16_seed2026090909,random,batch16,8.126439613988623,8.058000370510854,8.174473856342956,10,amortized ms/frame from one 16-frame call
ETMD_av/CRA_1_color,ETMD_av,random_k16_seed2026090910,random,batch16,8.121820748783648,8.095979952486232,8.277165819890797,10,amortized ms/frame from one 16-frame call
ETMD_av/CRA_1_color,ETMD_av,random_k16_seed2026090911,random,batch16,8.07570546749048,8.068873386946507,8.11181782046333,10,amortized ms/frame from one 16-frame call
ETMD_av/CRA_1_color,ETMD_av,random_k16_seed2026090912,random,batch16,8.113257790682837,8.073768462054431,8.14312239526771,10,amortized ms/frame from one 16-frame call
ETMD_av/CRA_1_color,ETMD_av,random_k16_seed2026090913,random,batch16,8.10898412601091,8.088578339084052,8.143073151586577,10,amortized ms/frame from one 16-frame call
ETMD_av/CRA_1_color,ETMD_av,random_k16_seed2026090914,random,batch16,8.126331842504442,8.106913868687116,8.16813092387747,10,amortized ms/frame from one 16-frame call
ETMD_av/CRA_1_color,ETMD_av,random_k16_seed2026090915,random,batch16,8.225784549722448,8.09649974689819,8.347623544977978,10,amortized ms/frame from one 16-frame call
ETMD_av/CRA_1_color,ETMD_av,policy:human_k16_seed440826,human,batch16,8.079834195086733,8.017143147299066,8.164408776792698,10,amortized ms/frame from one 16-frame call
ETMD_av/CRA_1_color,ETMD_av,policy:human_k16_seed440827,human,batch16,8.196955459425226,8.049402182223275,8.869836136000231,10,amortized ms/frame from one 16-frame call
ETMD_av/CRA_1_color,ETMD_av,policy:human_k16_seed440828,human,batch16,8.075076068053022,8.044432994211093,8.121272010612302,10,amortized ms/frame from one 16-frame call
ETMD_av/CRA_1_color,ETMD_av,policy:human_k16_seed440829,human,batch16,8.04721552412957,8.0288618337363,8.07755597634241,10,amortized ms/frame from one 16-frame call
ETMD_av/CRA_1_color,ETMD_av,policy:human_k16_seed440830,human,batch16,8.092362928437069,8.050372140132822,8.20628454675898,10,amortized ms/frame from one 16-frame call
ETMD_av/CRA_1_color,ETMD_av,policy:human_k16_seed440831,human,batch16,8.170787448761985,8.112690949928947,8.195063652237877,10,amortized ms/frame from one 16-frame call
ETMD_av/CRA_1_color,ETMD_av,policy:pretrained_k16,pretrained,batch16,8.141648722812533,8.120975675410591,8.179823329555802,10,amortized ms/frame from one 16-frame call
ETMD_av/CRA_1_color,ETMD_av,tome_r5,tome,batch16,2.9944819398224354,2.987523257615976,3.002085693879053,10,amortized ms/frame from one 16-frame call
ETMD_av/CRA_1_color,ETMD_av,tome_r10,tome,batch16,2.5051810080185533,2.504547097487375,2.5063008215511218,10,amortized ms/frame from one 16-frame call
ETMD_av/CRA_1_color,ETMD_av,tome_r15,tome,batch16,2.0007969869766384,1.995544822420925,2.0071304898010567,10,amortized ms/frame from one 16-frame call
ETMD_av/CRA_2_color,ETMD_av,dense,dense,batch16,3.240753954742104,3.23857412149664,3.243786020902917,10,amortized ms/frame from one 16-frame call
ETMD_av/CRA_2_color,ETMD_av,central_k16,central_k16,batch16,8.14775435719639,8.10520134109538,8.209879451896995,10,amortized ms/frame from one 16-frame call
ETMD_av/CRA_2_color,ETMD_av,random_k16_seed2026090900,random,batch16,8.132560324156657,8.103467043838464,8.165578547050245,10,amortized ms/frame from one 16-frame call
ETMD_av/CRA_2_color,ETMD_av,random_k16_seed2026090901,random,batch16,8.132617949740961,8.0749685439514,8.185394442989491,10,amortized ms/frame from one 16-frame call
ETMD_av/CRA_2_color,ETMD_av,random_k16_seed2026090902,random,batch16,8.081357198534533,8.067508781095967,8.173488153261133,10,amortized ms/frame from one 16-frame call
ETMD_av/CRA_2_color,ETMD_av,random_k16_seed2026090903,random,batch16,8.137004741001874,8.103662708890624,8.192874520318583,10,amortized ms/frame from one 16-frame call
ETMD_av/CRA_2_color,ETMD_av,random_k16_seed2026090904,random,batch16,8.494940935634077,8.30212768050842,8.703017461812124,10,amortized ms/frame from one 16-frame call
ETMD_av/CRA_2_color,ETMD_av,random_k16_seed2026090905,random,batch16,8.084796514594927,8.051952216192149,8.21882531454321,10,amortized ms/frame from one 16-frame call
ETMD_av/CRA_2_color,ETMD_av,random_k16_seed2026090906,random,batch16,8.064350520726293,8.037431354750879,8.078732978901826,10,amortized ms/frame from one 16-frame call
ETMD_av/CRA_2_color,ETMD_av,random_k16_seed2026090907,random,batch16,8.070847427006811,8.046874208957888,8.101421102765016,10,amortized ms/frame from one 16-frame call
ETMD_av/CRA_2_color,ETMD_av,random_k16_seed2026090908,random,batch16,8.107456436846405,8.08255499578081,8.13862681388855,10,amortized ms/frame from one 16-frame call
ETMD_av/CRA_2_color,ETMD_av,random_k16_seed2026090909,random,batch16,8.141737809637561,8.117498116916977,8.200560900149867,10,amortized ms/frame from one 16-frame call
ETMD_av/CRA_2_color,ETMD_av,random_k16_seed2026090910,random,batch16,8.123237756080925,8.089591152383946,8.138697608956136,10,amortized ms/frame from one 16-frame call
ETMD_av/CRA_2_color,ETMD_av,random_k16_seed2026090911,random,batch16,8.476887713186443,8.336988525115885,8.610114164184779,10,amortized ms/frame from one 16-frame call
ETMD_av/CRA_2_color,ETMD_av,random_k16_seed2026090912,random,batch16,8.09387123445049,8.045379116083495,8.127754073939286,10,amortized ms/frame from one 16-frame call
ETMD_av/CRA_2_color,ETMD_av,random_k16_seed2026090913,random,batch16,8.111043280223384,8.108164052828215,8.123463194351643,10,amortized ms/frame from one 16-frame call
ETMD_av/CRA_2_color,ETMD_av,random_k16_seed2026090914,random,batch16,8.150061563355848,8.115813077893108,8.201902834116481,10,amortized ms/frame from one 16-frame call
ETMD_av/CRA_2_color,ETMD_av,random_k16_seed2026090915,random,batch16,8.096384059172124,8.066862021223642,8.127374778268859,10,amortized ms/frame from one 16-frame call
ETMD_av/CRA_2_color,ETMD_av,policy:human_k16_seed440826,human,batch16,8.40004938072525,8.371974356123246,8.495738133206032,10,amortized ms/frame from one 16-frame call
ETMD_av/CRA_2_color,ETMD_av,policy:human_k16_seed440827,human,batch16,8.119663543766364,8.054426667513326,8.171286433935165,10,amortized ms/frame from one 16-frame call
ETMD_av/CRA_2_color,ETMD_av,policy:human_k16_seed440828,human,batch16,8.065789879765362,8.038913627387956,8.090283910860308,10,amortized ms/frame from one 16-frame call
ETMD_av/CRA_2_color,ETMD_av,policy:human_k16_seed440829,human,batch16,8.039588166866452,8.019772736588493,8.089408103842288,10,amortized ms/frame from one 16-frame call
ETMD_av/CRA_2_color,ETMD_av,policy:human_k16_seed440830,human,batch16,8.060087158810347,8.034398080781102,8.093810611171648,10,amortized ms/frame from one 16-frame call
ETMD_av/CRA_2_color,ETMD_av,policy:human_k16_seed440831,human,batch16,8.07059436920099,8.043202222324908,8.10046361584682,10,amortized ms/frame from one 16-frame call
ETMD_av/CRA_2_color,ETMD_av,policy:pretrained_k16,pretrained,batch16,8.020272885914892,8.013070982997306,8.053817437030375,10,amortized ms/frame from one 16-frame call
ETMD_av/CRA_2_color,ETMD_av,tome_r5,tome,batch16,2.9899452347308397,2.985865416121669,3.0089277861407027,10,amortized ms/frame from one 16-frame call
ETMD_av/CRA_2_color,ETMD_av,tome_r10,tome,batch16,2.508855046471581,2.507225377485156,2.5173451867885888,10,amortized ms/frame from one 16-frame call
ETMD_av/CRA_2_color,ETMD_av,tome_r15,tome,batch16,2.0039632508996874,1.9997774361399934,2.0095969521207735,10,amortized ms/frame from one 16-frame call
SumMe/Kids_playing_in_leaves,SumMe,dense,dense,batch16,3.24000816908665,3.2298559526680037,3.245867177611217,10,amortized ms/frame from one 16-frame call
SumMe/Kids_playing_in_leaves,SumMe,central_k16,central_k16,batch16,8.020968030905351,8.00109448027797,8.055417958530597,10,amortized ms/frame from one 16-frame call
SumMe/Kids_playing_in_leaves,SumMe,random_k16_seed2026090900,random,batch16,8.142117963870987,8.123541323584504,8.18223699752707,10,amortized ms/frame from one 16-frame call
SumMe/Kids_playing_in_leaves,SumMe,random_k16_seed2026090901,random,batch16,8.187526458641514,8.137552693369798,8.24620624189265,10,amortized ms/frame from one 16-frame call
SumMe/Kids_playing_in_leaves,SumMe,random_k16_seed2026090902,random,batch16,8.212236978579313,8.154676732374355,8.291806239867583,10,amortized ms/frame from one 16-frame call
SumMe/Kids_playing_in_leaves,SumMe,random_k16_seed2026090903,random,batch16,8.17928693140857,8.146253021550365,8.23840728844516,10,amortized ms/frame from one 16-frame call
SumMe/Kids_playing_in_leaves,SumMe,random_k16_seed2026090904,random,batch16,8.2150106318295,8.18053269176744,8.238321781391278,10,amortized ms/frame from one 16-frame call
SumMe/Kids_playing_in_leaves,SumMe,random_k16_seed2026090905,random,batch16,8.149550441885367,8.123443651129492,8.236811467213556,10,amortized ms/frame from one 16-frame call
SumMe/Kids_playing_in_leaves,SumMe,random_k16_seed2026090906,random,batch16,8.15488351508975,8.077050588326529,8.194334033760242,10,amortized ms/frame from one 16-frame call
SumMe/Kids_playing_in_leaves,SumMe,random_k16_seed2026090907,random,batch16,8.214367961045355,8.156339623383246,8.274081395938993,10,amortized ms/frame from one 16-frame call
SumMe/Kids_playing_in_leaves,SumMe,random_k16_seed2026090908,random,batch16,8.18260113010183,8.099481943645515,8.265193726401776,10,amortized ms/frame from one 16-frame call
SumMe/Kids_playing_in_leaves,SumMe,random_k16_seed2026090909,random,batch16,8.174805814633146,8.129853711579926,8.204676414607093,10,amortized ms/frame from one 16-frame call
SumMe/Kids_playing_in_leaves,SumMe,random_k16_seed2026090910,random,batch16,8.10107443248853,8.046514019952156,8.132036906317808,10,amortized ms/frame from one 16-frame call
SumMe/Kids_playing_in_leaves,SumMe,random_k16_seed2026090911,random,batch16,8.032549172639847,8.001228721695952,8.09038119041361,10,amortized ms/frame from one 16-frame call
SumMe/Kids_playing_in_leaves,SumMe,random_k16_seed2026090912,random,batch16,8.067488321103156,8.039551845286041,8.081229156232439,10,amortized ms/frame from one 16-frame call
SumMe/Kids_playing_in_leaves,SumMe,random_k16_seed2026090913,random,batch16,8.025496936170384,8.01851853611879,8.076584039372392,10,amortized ms/frame from one 16-frame call
SumMe/Kids_playing_in_leaves,SumMe,random_k16_seed2026090914,random,batch16,8.042487577768043,8.038119456614368,8.064561829087324,10,amortized ms/frame from one 16-frame call
SumMe/Kids_playing_in_leaves,SumMe,random_k16_seed2026090915,random,batch16,8.056716149440035,8.022258640266955,8.086112691671588,10,amortized ms/frame from one 16-frame call
SumMe/Kids_playing_in_leaves,SumMe,policy:human_k16_seed440826,human,batch16,8.03964218357578,8.006364398170263,8.075495992670767,10,amortized ms/frame from one 16-frame call
SumMe/Kids_playing_in_leaves,SumMe,policy:human_k16_seed440827,human,batch16,8.067186892731115,8.03244233247824,8.087123540462926,10,amortized ms/frame from one 16-frame call
SumMe/Kids_playing_in_leaves,SumMe,policy:human_k16_seed440828,human,batch16,8.075193385593593,8.030886456253938,8.11812978645321,10,amortized ms/frame from one 16-frame call
SumMe/Kids_playing_in_leaves,SumMe,policy:human_k16_seed440829,human,batch16,8.031754376133904,8.011189725948498,8.055839309236035,10,amortized ms/frame from one 16-frame call
SumMe/Kids_playing_in_leaves,SumMe,policy:human_k16_seed440830,human,batch16,8.052313409280032,8.01322037295904,8.062024717219174,10,amortized ms/frame from one 16-frame call
SumMe/Kids_playing_in_leaves,SumMe,policy:human_k16_seed440831,human,batch16,8.051223092479631,8.032161931623705,8.090550880297087,10,amortized ms/frame from one 16-frame call
SumMe/Kids_playing_in_leaves,SumMe,policy:pretrained_k16,pretrained,batch16,8.08958150446415,8.056642385781743,8.13460569770541,10,amortized ms/frame from one 16-frame call
SumMe/Kids_playing_in_leaves,SumMe,tome_r5,tome,batch16,2.986582083394751,2.9836806788807735,2.9982933920109645,10,amortized ms/frame from one 16-frame call
SumMe/Kids_playing_in_leaves,SumMe,tome_r10,tome,batch16,2.512549515813589,2.5056570739252493,2.5169092405121773,10,amortized ms/frame from one 16-frame call
SumMe/Kids_playing_in_leaves,SumMe,tome_r15,tome,batch16,2.004304522415623,2.000614404096268,2.0191987860016525,10,amortized ms/frame from one 16-frame call
SumMe/Paintball,SumMe,dense,dense,batch16,3.218585072318092,3.2162355055334046,3.2433000742457807,10,amortized ms/frame from one 16-frame call
SumMe/Paintball,SumMe,central_k16,central_k16,batch16,8.085442095762119,8.054698395426385,8.147690663463436,10,amortized ms/frame from one 16-frame call
SumMe/Paintball,SumMe,random_k16_seed2026090900,random,batch16,8.048546907957643,8.013833983568475,8.121935345116071,10,amortized ms/frame from one 16-frame call
SumMe/Paintball,SumMe,random_k16_seed2026090901,random,batch16,8.089754323009402,8.058876235736534,8.107897825539112,10,amortized ms/frame from one 16-frame call
SumMe/Paintball,SumMe,random_k16_seed2026090902,random,batch16,8.06709675816819,8.030652825254947,8.093093623756431,10,amortized ms/frame from one 16-frame call
SumMe/Paintball,SumMe,random_k16_seed2026090903,random,batch16,8.111113420454785,8.066536538535729,8.204203666537069,10,amortized ms/frame from one 16-frame call
SumMe/Paintball,SumMe,random_k16_seed2026090904,random,batch16,8.114768483210355,8.084432658506557,8.139889294398017,10,amortized ms/frame from one 16-frame call
SumMe/Paintball,SumMe,random_k16_seed2026090905,random,batch16,8.137113181874156,8.097503639874049,8.157990261679515,10,amortized ms/frame from one 16-frame call
SumMe/Paintball,SumMe,random_k16_seed2026090906,random,batch16,8.130995993269607,8.11458179668989,8.150166482664645,10,amortized ms/frame from one 16-frame call
SumMe/Paintball,SumMe,random_k16_seed2026090907,random,batch16,8.12289144960232,8.08911032800097,8.151975547662005,10,amortized ms/frame from one 16-frame call
SumMe/Paintball,SumMe,random_k16_seed2026090908,random,batch16,8.278577239252627,8.25149989395868,8.323385409312323,10,amortized ms/frame from one 16-frame call
SumMe/Paintball,SumMe,random_k16_seed2026090909,random,batch16,8.125854015816003,8.119363905279897,8.170535889803432,10,amortized ms/frame from one 16-frame call
SumMe/Paintball,SumMe,random_k16_seed2026090910,random,batch16,8.155998715665191,8.115989869111218,8.196726164896972,10,amortized ms/frame from one 16-frame call
SumMe/Paintball,SumMe,random_k16_seed2026090911,random,batch16,8.136968041071668,8.128577275783755,8.145072730258107,10,amortized ms/frame from one 16-frame call
SumMe/Paintball,SumMe,random_k16_seed2026090912,random,batch16,8.184081554645672,8.104168067802675,8.208761180867441,10,amortized ms/frame from one 16-frame call
SumMe/Paintball,SumMe,random_k16_seed2026090913,random,batch16,8.107699221000075,8.08465262525715,8.165169740095735,10,amortized ms/frame from one 16-frame call
SumMe/Paintball,SumMe,random_k16_seed2026090914,random,batch16,8.159193326719105,8.123558349325322,8.207661099731922,10,amortized ms/frame from one 16-frame call
SumMe/Paintball,SumMe,random_k16_seed2026090915,random,batch16,8.153235219651833,8.109349044389091,8.191431232262403,10,amortized ms/frame from one 16-frame call
SumMe/Paintball,SumMe,policy:human_k16_seed440826,human,batch16,8.100034116068855,8.054127101786435,8.130055022775196,10,amortized ms/frame from one 16-frame call
SumMe/Paintball,SumMe,policy:human_k16_seed440827,human,batch16,8.074396959273145,8.050707168877125,8.09237033536192,10,amortized ms/frame from one 16-frame call
SumMe/Paintball,SumMe,policy:human_k16_seed440828,human,batch16,8.08141368906945,8.0584853712935,8.102423656964675,10,amortized ms/frame from one 16-frame call
SumMe/Paintball,SumMe,policy:human_k16_seed440829,human,batch16,8.100193314021453,8.08202099869959,8.114058000501245,10,amortized ms/frame from one 16-frame call
SumMe/Paintball,SumMe,policy:human_k16_seed440830,human,batch16,8.098907623207197,8.074228928308003,8.158229509717785,10,amortized ms/frame from one 16-frame call
SumMe/Paintball,SumMe,policy:human_k16_seed440831,human,batch16,8.122234517941251,8.089739683782682,8.135584168485366,10,amortized ms/frame from one 16-frame call
SumMe/Paintball,SumMe,policy:pretrained_k16,pretrained,batch16,8.05007223971188,8.020753608434461,8.068713505053893,10,amortized ms/frame from one 16-frame call
SumMe/Paintball,SumMe,tome_r5,tome,batch16,2.9961727850604802,2.9892656457377598,3.006882674526423,10,amortized ms/frame from one 16-frame call
SumMe/Paintball,SumMe,tome_r10,tome,batch16,2.508578705601394,2.5071601412491873,2.509567260858603,10,amortized ms/frame from one 16-frame call
SumMe/Paintball,SumMe,tome_r15,tome,batch16,2.0039826922584325,1.997243773075752,2.009051793720573,10,amortized ms/frame from one 16-frame call
AVAD/V39_Guitar4,AVAD,dense,dense,batch1,11.067482992075384,11.053236332372762,11.129021644592285,10,ms/frame from sum of 16 independent batch-one calls
AVAD/V39_Guitar4,AVAD,central_k16,central_k16,batch1,8.607433584984392,8.545282486011274,8.664077991852537,10,ms/frame from sum of 16 independent batch-one calls
AVAD/V39_Guitar4,AVAD,random_k16_seed2026090900,random,batch1,8.621804823633283,8.587898715632036,8.66688739915844,10,ms/frame from sum of 16 independent batch-one calls
AVAD/V39_Guitar4,AVAD,policy:human_k16_seed440826,human,batch1,8.458442491246387,8.43802465533372,8.490379608701915,10,ms/frame from sum of 16 independent batch-one calls
AVAD/V39_Guitar4,AVAD,policy:human_k16_seed440827,human,batch1,8.48696508910507,8.464795275358483,8.494486843119375,10,ms/frame from sum of 16 independent batch-one calls
AVAD/V39_Guitar4,AVAD,policy:human_k16_seed440828,human,batch1,8.504082128638402,8.461066376185045,8.567634533392265,10,ms/frame from sum of 16 independent batch-one calls
AVAD/V39_Guitar4,AVAD,policy:human_k16_seed440829,human,batch1,8.494513836922124,8.469142921967432,8.540192997315899,10,ms/frame from sum of 16 independent batch-one calls
AVAD/V39_Guitar4,AVAD,policy:human_k16_seed440830,human,batch1,8.76802546554245,8.590802826802246,8.92466981895268,10,ms/frame from sum of 16 independent batch-one calls
AVAD/V39_Guitar4,AVAD,policy:human_k16_seed440831,human,batch1,8.903895010007545,8.556113971280865,9.308514403528534,10,ms/frame from sum of 16 independent batch-one calls
AVAD/V39_Guitar4,AVAD,policy:pretrained_k16,pretrained,batch1,8.539571485016495,8.491288841469213,8.601583875133656,10,ms/frame from sum of 16 independent batch-one calls
AVAD/V39_Guitar4,AVAD,tome_r5,tome,batch1,22.141235531307757,21.942038147244602,22.583091165870428,10,ms/frame from sum of 16 independent batch-one calls
AVAD/V39_Guitar4,AVAD,tome_r10,tome,batch1,21.919262857409194,21.8748236366082,21.957396442303434,10,ms/frame from sum of 16 independent batch-one calls
AVAD/V39_Guitar4,AVAD,tome_r15,tome,batch1,21.94340681307949,21.805486452649347,21.988002583384514,10,ms/frame from sum of 16 independent batch-one calls
AVAD/V39_Guitar4,AVAD,spatial_block_r15,spatial_block_r15,batch1,33.31045585218817,33.24476323905401,33.54017005767673,10,ms/frame from sum of 16 independent batch-one calls
SumMe/Kids_playing_in_leaves,SumMe,dense,dense,batch1,10.977406520396471,10.954986777505837,11.033367976779118,10,ms/frame from sum of 16 independent batch-one calls
SumMe/Kids_playing_in_leaves,SumMe,central_k16,central_k16,batch1,8.651772775920108,8.624351146863773,8.694334654137492,10,ms/frame from sum of 16 independent batch-one calls
SumMe/Kids_playing_in_leaves,SumMe,random_k16_seed2026090900,random,batch1,8.68374202400446,8.63640964962542,8.752385198022239,10,ms/frame from sum of 16 independent batch-one calls
SumMe/Kids_playing_in_leaves,SumMe,policy:human_k16_seed440826,human,batch1,8.481940778438002,8.467511652270332,8.527252153726295,10,ms/frame from sum of 16 independent batch-one calls
SumMe/Kids_playing_in_leaves,SumMe,policy:human_k16_seed440827,human,batch1,8.484778372803703,8.459156131721102,8.517324822605588,10,ms/frame from sum of 16 independent batch-one calls
SumMe/Kids_playing_in_leaves,SumMe,policy:human_k16_seed440828,human,batch1,8.516481815604493,8.482677221763879,8.552823564969003,10,ms/frame from sum of 16 independent batch-one calls
SumMe/Kids_playing_in_leaves,SumMe,policy:human_k16_seed440829,human,batch1,8.54672270361334,8.507739272317849,8.596182567998767,10,ms/frame from sum of 16 independent batch-one calls
SumMe/Kids_playing_in_leaves,SumMe,policy:human_k16_seed440830,human,batch1,8.501788601279259,8.485346421366557,8.515992682077922,10,ms/frame from sum of 16 independent batch-one calls
SumMe/Kids_playing_in_leaves,SumMe,policy:human_k16_seed440831,human,batch1,8.558690606150776,8.537590867490508,8.567850934923626,10,ms/frame from sum of 16 independent batch-one calls
SumMe/Kids_playing_in_leaves,SumMe,policy:pretrained_k16,pretrained,batch1,8.569358062231913,8.539870861568488,8.595717954449356,10,ms/frame from sum of 16 independent batch-one calls
SumMe/Kids_playing_in_leaves,SumMe,tome_r5,tome,batch1,22.002445708494633,21.918143655057065,22.095946900662966,10,ms/frame from sum of 16 independent batch-one calls
SumMe/Kids_playing_in_leaves,SumMe,tome_r10,tome,batch1,21.976767427986488,21.83803470688872,22.051006060792133,10,ms/frame from sum of 16 independent batch-one calls
SumMe/Kids_playing_in_leaves,SumMe,tome_r15,tome,batch1,21.81748562725261,21.775993998744525,21.93336079653818,10,ms/frame from sum of 16 independent batch-one calls
SumMe/Kids_playing_in_leaves,SumMe,spatial_block_r15,spatial_block_r15,batch1,32.996495719999075,32.939774144324474,33.03848308860324,10,ms/frame from sum of 16 independent batch-one calls
