arm,block,attention_tokens,mlp_tokens,final_patch_tokens,restored_patches_after_each_block
dense,0,201,201,196,
dense,1,201,201,196,
dense,2,201,201,196,
dense,3,201,201,196,
dense,4,201,201,196,
dense,5,201,201,196,
dense,6,201,201,196,
dense,7,201,201,196,
dense,8,201,201,196,
dense,9,201,201,196,
dense,10,201,201,196,
dense,11,201,201,196,
central_k16,0,21,21,16,
central_k16,1,21,21,16,
central_k16,2,21,21,16,
central_k16,3,21,21,16,
central_k16,4,21,21,16,
central_k16,5,21,21,16,
central_k16,6,21,21,16,
central_k16,7,21,21,16,
central_k16,8,21,21,16,
central_k16,9,21,21,16,
central_k16,10,21,21,16,
central_k16,11,21,21,16,
random_k16_seed2026090900,0,21,21,16,
random_k16_seed2026090900,1,21,21,16,
random_k16_seed2026090900,2,21,21,16,
random_k16_seed2026090900,3,21,21,16,
random_k16_seed2026090900,4,21,21,16,
random_k16_seed2026090900,5,21,21,16,
random_k16_seed2026090900,6,21,21,16,
random_k16_seed2026090900,7,21,21,16,
random_k16_seed2026090900,8,21,21,16,
random_k16_seed2026090900,9,21,21,16,
random_k16_seed2026090900,10,21,21,16,
random_k16_seed2026090900,11,21,21,16,
random_k16_seed2026090901,0,21,21,16,
random_k16_seed2026090901,1,21,21,16,
random_k16_seed2026090901,2,21,21,16,
random_k16_seed2026090901,3,21,21,16,
random_k16_seed2026090901,4,21,21,16,
random_k16_seed2026090901,5,21,21,16,
random_k16_seed2026090901,6,21,21,16,
random_k16_seed2026090901,7,21,21,16,
random_k16_seed2026090901,8,21,21,16,
random_k16_seed2026090901,9,21,21,16,
random_k16_seed2026090901,10,21,21,16,
random_k16_seed2026090901,11,21,21,16,
random_k16_seed2026090902,0,21,21,16,
random_k16_seed2026090902,1,21,21,16,
random_k16_seed2026090902,2,21,21,16,
random_k16_seed2026090902,3,21,21,16,
random_k16_seed2026090902,4,21,21,16,
random_k16_seed2026090902,5,21,21,16,
random_k16_seed2026090902,6,21,21,16,
random_k16_seed2026090902,7,21,21,16,
random_k16_seed2026090902,8,21,21,16,
random_k16_seed2026090902,9,21,21,16,
random_k16_seed2026090902,10,21,21,16,
random_k16_seed2026090902,11,21,21,16,
random_k16_seed2026090903,0,21,21,16,
random_k16_seed2026090903,1,21,21,16,
random_k16_seed2026090903,2,21,21,16,
random_k16_seed2026090903,3,21,21,16,
random_k16_seed2026090903,4,21,21,16,
random_k16_seed2026090903,5,21,21,16,
random_k16_seed2026090903,6,21,21,16,
random_k16_seed2026090903,7,21,21,16,
random_k16_seed2026090903,8,21,21,16,
random_k16_seed2026090903,9,21,21,16,
random_k16_seed2026090903,10,21,21,16,
random_k16_seed2026090903,11,21,21,16,
random_k16_seed2026090904,0,21,21,16,
random_k16_seed2026090904,1,21,21,16,
random_k16_seed2026090904,2,21,21,16,
random_k16_seed2026090904,3,21,21,16,
random_k16_seed2026090904,4,21,21,16,
random_k16_seed2026090904,5,21,21,16,
random_k16_seed2026090904,6,21,21,16,
random_k16_seed2026090904,7,21,21,16,
random_k16_seed2026090904,8,21,21,16,
random_k16_seed2026090904,9,21,21,16,
random_k16_seed2026090904,10,21,21,16,
random_k16_seed2026090904,11,21,21,16,
random_k16_seed2026090905,0,21,21,16,
random_k16_seed2026090905,1,21,21,16,
random_k16_seed2026090905,2,21,21,16,
random_k16_seed2026090905,3,21,21,16,
random_k16_seed2026090905,4,21,21,16,
random_k16_seed2026090905,5,21,21,16,
random_k16_seed2026090905,6,21,21,16,
random_k16_seed2026090905,7,21,21,16,
random_k16_seed2026090905,8,21,21,16,
random_k16_seed2026090905,9,21,21,16,
random_k16_seed2026090905,10,21,21,16,
random_k16_seed2026090905,11,21,21,16,
random_k16_seed2026090906,0,21,21,16,
random_k16_seed2026090906,1,21,21,16,
random_k16_seed2026090906,2,21,21,16,
random_k16_seed2026090906,3,21,21,16,
random_k16_seed2026090906,4,21,21,16,
random_k16_seed2026090906,5,21,21,16,
random_k16_seed2026090906,6,21,21,16,
random_k16_seed2026090906,7,21,21,16,
random_k16_seed2026090906,8,21,21,16,
random_k16_seed2026090906,9,21,21,16,
random_k16_seed2026090906,10,21,21,16,
random_k16_seed2026090906,11,21,21,16,
random_k16_seed2026090907,0,21,21,16,
random_k16_seed2026090907,1,21,21,16,
random_k16_seed2026090907,2,21,21,16,
random_k16_seed2026090907,3,21,21,16,
random_k16_seed2026090907,4,21,21,16,
random_k16_seed2026090907,5,21,21,16,
random_k16_seed2026090907,6,21,21,16,
random_k16_seed2026090907,7,21,21,16,
random_k16_seed2026090907,8,21,21,16,
random_k16_seed2026090907,9,21,21,16,
random_k16_seed2026090907,10,21,21,16,
random_k16_seed2026090907,11,21,21,16,
random_k16_seed2026090908,0,21,21,16,
random_k16_seed2026090908,1,21,21,16,
random_k16_seed2026090908,2,21,21,16,
random_k16_seed2026090908,3,21,21,16,
random_k16_seed2026090908,4,21,21,16,
random_k16_seed2026090908,5,21,21,16,
random_k16_seed2026090908,6,21,21,16,
random_k16_seed2026090908,7,21,21,16,
random_k16_seed2026090908,8,21,21,16,
random_k16_seed2026090908,9,21,21,16,
random_k16_seed2026090908,10,21,21,16,
random_k16_seed2026090908,11,21,21,16,
random_k16_seed2026090909,0,21,21,16,
random_k16_seed2026090909,1,21,21,16,
random_k16_seed2026090909,2,21,21,16,
random_k16_seed2026090909,3,21,21,16,
random_k16_seed2026090909,4,21,21,16,
random_k16_seed2026090909,5,21,21,16,
random_k16_seed2026090909,6,21,21,16,
random_k16_seed2026090909,7,21,21,16,
random_k16_seed2026090909,8,21,21,16,
random_k16_seed2026090909,9,21,21,16,
random_k16_seed2026090909,10,21,21,16,
random_k16_seed2026090909,11,21,21,16,
random_k16_seed2026090910,0,21,21,16,
random_k16_seed2026090910,1,21,21,16,
random_k16_seed2026090910,2,21,21,16,
random_k16_seed2026090910,3,21,21,16,
random_k16_seed2026090910,4,21,21,16,
random_k16_seed2026090910,5,21,21,16,
random_k16_seed2026090910,6,21,21,16,
random_k16_seed2026090910,7,21,21,16,
random_k16_seed2026090910,8,21,21,16,
random_k16_seed2026090910,9,21,21,16,
random_k16_seed2026090910,10,21,21,16,
random_k16_seed2026090910,11,21,21,16,
random_k16_seed2026090911,0,21,21,16,
random_k16_seed2026090911,1,21,21,16,
random_k16_seed2026090911,2,21,21,16,
random_k16_seed2026090911,3,21,21,16,
random_k16_seed2026090911,4,21,21,16,
random_k16_seed2026090911,5,21,21,16,
random_k16_seed2026090911,6,21,21,16,
random_k16_seed2026090911,7,21,21,16,
random_k16_seed2026090911,8,21,21,16,
random_k16_seed2026090911,9,21,21,16,
random_k16_seed2026090911,10,21,21,16,
random_k16_seed2026090911,11,21,21,16,
random_k16_seed2026090912,0,21,21,16,
random_k16_seed2026090912,1,21,21,16,
random_k16_seed2026090912,2,21,21,16,
random_k16_seed2026090912,3,21,21,16,
random_k16_seed2026090912,4,21,21,16,
random_k16_seed2026090912,5,21,21,16,
random_k16_seed2026090912,6,21,21,16,
random_k16_seed2026090912,7,21,21,16,
random_k16_seed2026090912,8,21,21,16,
random_k16_seed2026090912,9,21,21,16,
random_k16_seed2026090912,10,21,21,16,
random_k16_seed2026090912,11,21,21,16,
random_k16_seed2026090913,0,21,21,16,
random_k16_seed2026090913,1,21,21,16,
random_k16_seed2026090913,2,21,21,16,
random_k16_seed2026090913,3,21,21,16,
random_k16_seed2026090913,4,21,21,16,
random_k16_seed2026090913,5,21,21,16,
random_k16_seed2026090913,6,21,21,16,
random_k16_seed2026090913,7,21,21,16,
random_k16_seed2026090913,8,21,21,16,
random_k16_seed2026090913,9,21,21,16,
random_k16_seed2026090913,10,21,21,16,
random_k16_seed2026090913,11,21,21,16,
random_k16_seed2026090914,0,21,21,16,
random_k16_seed2026090914,1,21,21,16,
random_k16_seed2026090914,2,21,21,16,
random_k16_seed2026090914,3,21,21,16,
random_k16_seed2026090914,4,21,21,16,
random_k16_seed2026090914,5,21,21,16,
random_k16_seed2026090914,6,21,21,16,
random_k16_seed2026090914,7,21,21,16,
random_k16_seed2026090914,8,21,21,16,
random_k16_seed2026090914,9,21,21,16,
random_k16_seed2026090914,10,21,21,16,
random_k16_seed2026090914,11,21,21,16,
random_k16_seed2026090915,0,21,21,16,
random_k16_seed2026090915,1,21,21,16,
random_k16_seed2026090915,2,21,21,16,
random_k16_seed2026090915,3,21,21,16,
random_k16_seed2026090915,4,21,21,16,
random_k16_seed2026090915,5,21,21,16,
random_k16_seed2026090915,6,21,21,16,
random_k16_seed2026090915,7,21,21,16,
random_k16_seed2026090915,8,21,21,16,
random_k16_seed2026090915,9,21,21,16,
random_k16_seed2026090915,10,21,21,16,
random_k16_seed2026090915,11,21,21,16,
policy:human_k16_seed440826,0,21,21,16,
policy:human_k16_seed440826,1,21,21,16,
policy:human_k16_seed440826,2,21,21,16,
policy:human_k16_seed440826,3,21,21,16,
policy:human_k16_seed440826,4,21,21,16,
policy:human_k16_seed440826,5,21,21,16,
policy:human_k16_seed440826,6,21,21,16,
policy:human_k16_seed440826,7,21,21,16,
policy:human_k16_seed440826,8,21,21,16,
policy:human_k16_seed440826,9,21,21,16,
policy:human_k16_seed440826,10,21,21,16,
policy:human_k16_seed440826,11,21,21,16,
policy:human_k16_seed440827,0,21,21,16,
policy:human_k16_seed440827,1,21,21,16,
policy:human_k16_seed440827,2,21,21,16,
policy:human_k16_seed440827,3,21,21,16,
policy:human_k16_seed440827,4,21,21,16,
policy:human_k16_seed440827,5,21,21,16,
policy:human_k16_seed440827,6,21,21,16,
policy:human_k16_seed440827,7,21,21,16,
policy:human_k16_seed440827,8,21,21,16,
policy:human_k16_seed440827,9,21,21,16,
policy:human_k16_seed440827,10,21,21,16,
policy:human_k16_seed440827,11,21,21,16,
policy:human_k16_seed440828,0,21,21,16,
policy:human_k16_seed440828,1,21,21,16,
policy:human_k16_seed440828,2,21,21,16,
policy:human_k16_seed440828,3,21,21,16,
policy:human_k16_seed440828,4,21,21,16,
policy:human_k16_seed440828,5,21,21,16,
policy:human_k16_seed440828,6,21,21,16,
policy:human_k16_seed440828,7,21,21,16,
policy:human_k16_seed440828,8,21,21,16,
policy:human_k16_seed440828,9,21,21,16,
policy:human_k16_seed440828,10,21,21,16,
policy:human_k16_seed440828,11,21,21,16,
policy:human_k16_seed440829,0,21,21,16,
policy:human_k16_seed440829,1,21,21,16,
policy:human_k16_seed440829,2,21,21,16,
policy:human_k16_seed440829,3,21,21,16,
policy:human_k16_seed440829,4,21,21,16,
policy:human_k16_seed440829,5,21,21,16,
policy:human_k16_seed440829,6,21,21,16,
policy:human_k16_seed440829,7,21,21,16,
policy:human_k16_seed440829,8,21,21,16,
policy:human_k16_seed440829,9,21,21,16,
policy:human_k16_seed440829,10,21,21,16,
policy:human_k16_seed440829,11,21,21,16,
policy:human_k16_seed440830,0,21,21,16,
policy:human_k16_seed440830,1,21,21,16,
policy:human_k16_seed440830,2,21,21,16,
policy:human_k16_seed440830,3,21,21,16,
policy:human_k16_seed440830,4,21,21,16,
policy:human_k16_seed440830,5,21,21,16,
policy:human_k16_seed440830,6,21,21,16,
policy:human_k16_seed440830,7,21,21,16,
policy:human_k16_seed440830,8,21,21,16,
policy:human_k16_seed440830,9,21,21,16,
policy:human_k16_seed440830,10,21,21,16,
policy:human_k16_seed440830,11,21,21,16,
policy:human_k16_seed440831,0,21,21,16,
policy:human_k16_seed440831,1,21,21,16,
policy:human_k16_seed440831,2,21,21,16,
policy:human_k16_seed440831,3,21,21,16,
policy:human_k16_seed440831,4,21,21,16,
policy:human_k16_seed440831,5,21,21,16,
policy:human_k16_seed440831,6,21,21,16,
policy:human_k16_seed440831,7,21,21,16,
policy:human_k16_seed440831,8,21,21,16,
policy:human_k16_seed440831,9,21,21,16,
policy:human_k16_seed440831,10,21,21,16,
policy:human_k16_seed440831,11,21,21,16,
policy:pretrained_k16,0,21,21,16,
policy:pretrained_k16,1,21,21,16,
policy:pretrained_k16,2,21,21,16,
policy:pretrained_k16,3,21,21,16,
policy:pretrained_k16,4,21,21,16,
policy:pretrained_k16,5,21,21,16,
policy:pretrained_k16,6,21,21,16,
policy:pretrained_k16,7,21,21,16,
policy:pretrained_k16,8,21,21,16,
policy:pretrained_k16,9,21,21,16,
policy:pretrained_k16,10,21,21,16,
policy:pretrained_k16,11,21,21,16,
tome_r5,0,201,196,136,
tome_r5,1,196,191,136,
tome_r5,2,191,186,136,
tome_r5,3,186,181,136,
tome_r5,4,181,176,136,
tome_r5,5,176,171,136,
tome_r5,6,171,166,136,
tome_r5,7,166,161,136,
tome_r5,8,161,156,136,
tome_r5,9,156,151,136,
tome_r5,10,151,146,136,
tome_r5,11,146,141,136,
tome_r10,0,201,191,76,
tome_r10,1,191,181,76,
tome_r10,2,181,171,76,
tome_r10,3,171,161,76,
tome_r10,4,161,151,76,
tome_r10,5,151,141,76,
tome_r10,6,141,131,76,
tome_r10,7,131,121,76,
tome_r10,8,121,111,76,
tome_r10,9,111,101,76,
tome_r10,10,101,91,76,
tome_r10,11,91,81,76,
tome_r15,0,201,186,16,
tome_r15,1,186,171,16,
tome_r15,2,171,156,16,
tome_r15,3,156,141,16,
tome_r15,4,141,126,16,
tome_r15,5,126,111,16,
tome_r15,6,111,96,16,
tome_r15,7,96,81,16,
tome_r15,8,81,66,16,
tome_r15,9,66,51,16,
tome_r15,10,51,36,16,
tome_r15,11,36,21,16,
spatial_block_r15,0,186,186,196,196
spatial_block_r15,1,186,186,196,196
spatial_block_r15,2,186,186,196,196
spatial_block_r15,3,186,186,196,196
spatial_block_r15,4,186,186,196,196
spatial_block_r15,5,186,186,196,196
spatial_block_r15,6,186,186,196,196
spatial_block_r15,7,186,186,196,196
spatial_block_r15,8,186,186,196,196
spatial_block_r15,9,186,186,196,196
spatial_block_r15,10,186,186,196,196
spatial_block_r15,11,186,186,196,196
