video_id,source,arm,group,cls_cosine_distance,cls_relative_l2,patch_embedding_flops,encoder_matmul_flops,matching_dot_product_flops,final_patch_tokens,encoder_and_matching_matmul_flops
AVAD/V39_Guitar4,AVAD,dense,dense,7.450580596923828e-09,0.0,115605504,9396209664,0,196,9396209664
AVAD/V39_Guitar4,AVAD,central_k16,central_k16,0.5883889198303223,1.0715306997299194,115605504,1015547904,0,16,1015547904
AVAD/V39_Guitar4,AVAD,random_k16_seed2026090900,random,0.591772198677063,1.0638611316680908,115605504,1015547904,0,16,1015547904
AVAD/V39_Guitar4,AVAD,random_k16_seed2026090901,random,0.5674383640289307,1.0429766178131104,115605504,1015547904,0,16,1015547904
AVAD/V39_Guitar4,AVAD,random_k16_seed2026090902,random,0.5550220608711243,1.0285695791244507,115605504,1015547904,0,16,1015547904
AVAD/V39_Guitar4,AVAD,random_k16_seed2026090903,random,0.550830602645874,1.0248242616653442,115605504,1015547904,0,16,1015547904
AVAD/V39_Guitar4,AVAD,random_k16_seed2026090904,random,0.590698778629303,1.0589370727539062,115605504,1015547904,0,16,1015547904
AVAD/V39_Guitar4,AVAD,random_k16_seed2026090905,random,0.5866808891296387,1.061560034751892,115605504,1015547904,0,16,1015547904
AVAD/V39_Guitar4,AVAD,random_k16_seed2026090906,random,0.582112729549408,1.055412769317627,115605504,1015547904,0,16,1015547904
AVAD/V39_Guitar4,AVAD,random_k16_seed2026090907,random,0.5703997015953064,1.0423862934112549,115605504,1015547904,0,16,1015547904
AVAD/V39_Guitar4,AVAD,random_k16_seed2026090908,random,0.5785267353057861,1.048309564590454,115605504,1015547904,0,16,1015547904
AVAD/V39_Guitar4,AVAD,random_k16_seed2026090909,random,0.5983457565307617,1.069782018661499,115605504,1015547904,0,16,1015547904
AVAD/V39_Guitar4,AVAD,random_k16_seed2026090910,random,0.5762459635734558,1.052098274230957,115605504,1015547904,0,16,1015547904
AVAD/V39_Guitar4,AVAD,random_k16_seed2026090911,random,0.6135271191596985,1.0840271711349487,115605504,1015547904,0,16,1015547904
AVAD/V39_Guitar4,AVAD,random_k16_seed2026090912,random,0.5812680125236511,1.0517139434814453,115605504,1015547904,0,16,1015547904
AVAD/V39_Guitar4,AVAD,random_k16_seed2026090913,random,0.575486421585083,1.0491987466812134,115605504,1015547904,0,16,1015547904
AVAD/V39_Guitar4,AVAD,random_k16_seed2026090914,random,0.5803282260894775,1.053706407546997,115605504,1015547904,0,16,1015547904
AVAD/V39_Guitar4,AVAD,random_k16_seed2026090915,random,0.5586546063423157,1.0325888395309448,115605504,1015547904,0,16,1015547904
AVAD/V39_Guitar4,AVAD,policy:human_k16_seed440826,human,0.5942005515098572,1.0748316049575806,115605504,1015547904,0,16,1015547904
AVAD/V39_Guitar4,AVAD,policy:human_k16_seed440827,human,0.6216707229614258,1.0973070859909058,115605504,1015547904,0,16,1015547904
AVAD/V39_Guitar4,AVAD,policy:human_k16_seed440828,human,0.6042035222053528,1.0833793878555298,115605504,1015547904,0,16,1015547904
AVAD/V39_Guitar4,AVAD,policy:human_k16_seed440829,human,0.6054261922836304,1.0844078063964844,115605504,1015547904,0,16,1015547904
AVAD/V39_Guitar4,AVAD,policy:human_k16_seed440830,human,0.6090880632400513,1.0921945571899414,115605504,1015547904,0,16,1015547904
AVAD/V39_Guitar4,AVAD,policy:human_k16_seed440831,human,0.6080774664878845,1.0890393257141113,115605504,1015547904,0,16,1015547904
AVAD/V39_Guitar4,AVAD,policy:pretrained_k16,pretrained,0.7087944149971008,1.1653639078140259,115605504,1015547904,0,16,1015547904
AVAD/V39_Guitar4,AVAD,tome_r5,tome,0.0187552347779274,0.1929188072681427,115605504,7902465024,11016832,136,7913481856
AVAD/V39_Guitar4,AVAD,tome_r10,tome,0.06165783852338791,0.3498671352863312,115605504,6447581184,8091904,76,6455673088
AVAD/V39_Guitar4,AVAD,tome_r15,tome,0.22256439924240112,0.6714252233505249,115605504,5031558144,5976192,16,5037534336
AVAD/V39_Guitar4,AVAD,spatial_block_r15,spatial_block_r15,0.008154641836881638,0.12572509050369263,115605504,8652201984,3354624,196,8655556608
AVAD/V40_Guitar5,AVAD,dense,dense,4.470348358154297e-08,0.0,115605504,9396209664,0,196,9396209664
AVAD/V40_Guitar5,AVAD,central_k16,central_k16,0.4889068007469177,0.9754577875137329,115605504,1015547904,0,16,1015547904
AVAD/V40_Guitar5,AVAD,random_k16_seed2026090900,random,0.6106716394424438,1.0759458541870117,115605504,1015547904,0,16,1015547904
AVAD/V40_Guitar5,AVAD,random_k16_seed2026090901,random,0.6079661846160889,1.0754607915878296,115605504,1015547904,0,16,1015547904
AVAD/V40_Guitar5,AVAD,random_k16_seed2026090902,random,0.613149881362915,1.0745649337768555,115605504,1015547904,0,16,1015547904
AVAD/V40_Guitar5,AVAD,random_k16_seed2026090903,random,0.5852678418159485,1.0487192869186401,115605504,1015547904,0,16,1015547904
AVAD/V40_Guitar5,AVAD,random_k16_seed2026090904,random,0.6102920770645142,1.0700883865356445,115605504,1015547904,0,16,1015547904
AVAD/V40_Guitar5,AVAD,random_k16_seed2026090905,random,0.6456262469291687,1.1060712337493896,115605504,1015547904,0,16,1015547904
AVAD/V40_Guitar5,AVAD,random_k16_seed2026090906,random,0.6143266558647156,1.0731621980667114,115605504,1015547904,0,16,1015547904
AVAD/V40_Guitar5,AVAD,random_k16_seed2026090907,random,0.6186556220054626,1.0808974504470825,115605504,1015547904,0,16,1015547904
AVAD/V40_Guitar5,AVAD,random_k16_seed2026090908,random,0.6064118146896362,1.0689418315887451,115605504,1015547904,0,16,1015547904
AVAD/V40_Guitar5,AVAD,random_k16_seed2026090909,random,0.6301884055137634,1.0924458503723145,115605504,1015547904,0,16,1015547904
AVAD/V40_Guitar5,AVAD,random_k16_seed2026090910,random,0.6086044907569885,1.07743239402771,115605504,1015547904,0,16,1015547904
AVAD/V40_Guitar5,AVAD,random_k16_seed2026090911,random,0.6257725954055786,1.091613531112671,115605504,1015547904,0,16,1015547904
AVAD/V40_Guitar5,AVAD,random_k16_seed2026090912,random,0.6369897127151489,1.098357915878296,115605504,1015547904,0,16,1015547904
AVAD/V40_Guitar5,AVAD,random_k16_seed2026090913,random,0.6038771271705627,1.0690431594848633,115605504,1015547904,0,16,1015547904
AVAD/V40_Guitar5,AVAD,random_k16_seed2026090914,random,0.6275373697280884,1.0934319496154785,115605504,1015547904,0,16,1015547904
AVAD/V40_Guitar5,AVAD,random_k16_seed2026090915,random,0.5783286094665527,1.047102451324463,115605504,1015547904,0,16,1015547904
AVAD/V40_Guitar5,AVAD,policy:human_k16_seed440826,human,0.4661593437194824,0.9555612802505493,115605504,1015547904,0,16,1015547904
AVAD/V40_Guitar5,AVAD,policy:human_k16_seed440827,human,0.48189255595207214,0.9705207347869873,115605504,1015547904,0,16,1015547904
AVAD/V40_Guitar5,AVAD,policy:human_k16_seed440828,human,0.4837249517440796,0.9746313095092773,115605504,1015547904,0,16,1015547904
AVAD/V40_Guitar5,AVAD,policy:human_k16_seed440829,human,0.48156577348709106,0.9713746309280396,115605504,1015547904,0,16,1015547904
AVAD/V40_Guitar5,AVAD,policy:human_k16_seed440830,human,0.47320133447647095,0.9627971649169922,115605504,1015547904,0,16,1015547904
AVAD/V40_Guitar5,AVAD,policy:human_k16_seed440831,human,0.4782857298851013,0.9687107801437378,115605504,1015547904,0,16,1015547904
AVAD/V40_Guitar5,AVAD,policy:pretrained_k16,pretrained,0.6438632607460022,1.112588882446289,115605504,1015547904,0,16,1015547904
AVAD/V40_Guitar5,AVAD,tome_r5,tome,0.02277197316288948,0.20853514969348907,115605504,7902465024,11016832,136,7913481856
AVAD/V40_Guitar5,AVAD,tome_r10,tome,0.10371256619691849,0.4512954354286194,115605504,6447581184,8091904,76,6455673088
AVAD/V40_Guitar5,AVAD,tome_r15,tome,0.27198174595832825,0.7400100827217102,115605504,5031558144,5976192,16,5037534336
AVAD/V40_Guitar5,AVAD,spatial_block_r15,spatial_block_r15,0.009524472057819366,0.1359931379556656,115605504,8652201984,3354624,196,8655556608
Coutrot_db1/clip21,Coutrot_db1,dense,dense,5.960464477539063e-08,0.0,115605504,9396209664,0,196,9396209664
Coutrot_db1/clip21,Coutrot_db1,central_k16,central_k16,0.4497380554676056,0.9399423599243164,115605504,1015547904,0,16,1015547904
Coutrot_db1/clip21,Coutrot_db1,random_k16_seed2026090900,random,0.3993237614631653,0.8828936219215393,115605504,1015547904,0,16,1015547904
Coutrot_db1/clip21,Coutrot_db1,random_k16_seed2026090901,random,0.42341774702072144,0.9123752117156982,115605504,1015547904,0,16,1015547904
Coutrot_db1/clip21,Coutrot_db1,random_k16_seed2026090902,random,0.4132983088493347,0.9044195413589478,115605504,1015547904,0,16,1015547904
Coutrot_db1/clip21,Coutrot_db1,random_k16_seed2026090903,random,0.42924293875694275,0.9210014343261719,115605504,1015547904,0,16,1015547904
Coutrot_db1/clip21,Coutrot_db1,random_k16_seed2026090904,random,0.404741495847702,0.8908071517944336,115605504,1015547904,0,16,1015547904
Coutrot_db1/clip21,Coutrot_db1,random_k16_seed2026090905,random,0.425015389919281,0.9130171537399292,115605504,1015547904,0,16,1015547904
Coutrot_db1/clip21,Coutrot_db1,random_k16_seed2026090906,random,0.4241289794445038,0.9133122563362122,115605504,1015547904,0,16,1015547904
Coutrot_db1/clip21,Coutrot_db1,random_k16_seed2026090907,random,0.4177248775959015,0.9077416062355042,115605504,1015547904,0,16,1015547904
Coutrot_db1/clip21,Coutrot_db1,random_k16_seed2026090908,random,0.4097983241081238,0.8997684717178345,115605504,1015547904,0,16,1015547904
Coutrot_db1/clip21,Coutrot_db1,random_k16_seed2026090909,random,0.42267224192619324,0.9138280153274536,115605504,1015547904,0,16,1015547904
Coutrot_db1/clip21,Coutrot_db1,random_k16_seed2026090910,random,0.41636788845062256,0.9101085662841797,115605504,1015547904,0,16,1015547904
Coutrot_db1/clip21,Coutrot_db1,random_k16_seed2026090911,random,0.4021787643432617,0.8948659896850586,115605504,1015547904,0,16,1015547904
Coutrot_db1/clip21,Coutrot_db1,random_k16_seed2026090912,random,0.41716447472572327,0.9082738161087036,115605504,1015547904,0,16,1015547904
Coutrot_db1/clip21,Coutrot_db1,random_k16_seed2026090913,random,0.3985450267791748,0.8861402273178101,115605504,1015547904,0,16,1015547904
Coutrot_db1/clip21,Coutrot_db1,random_k16_seed2026090914,random,0.41982942819595337,0.908513605594635,115605504,1015547904,0,16,1015547904
Coutrot_db1/clip21,Coutrot_db1,random_k16_seed2026090915,random,0.418409526348114,0.9114433526992798,115605504,1015547904,0,16,1015547904
Coutrot_db1/clip21,Coutrot_db1,policy:human_k16_seed440826,human,0.4404999613761902,0.9312541484832764,115605504,1015547904,0,16,1015547904
Coutrot_db1/clip21,Coutrot_db1,policy:human_k16_seed440827,human,0.4436151683330536,0.9347224235534668,115605504,1015547904,0,16,1015547904
Coutrot_db1/clip21,Coutrot_db1,policy:human_k16_seed440828,human,0.4476330876350403,0.9386571645736694,115605504,1015547904,0,16,1015547904
Coutrot_db1/clip21,Coutrot_db1,policy:human_k16_seed440829,human,0.4386099874973297,0.9290488958358765,115605504,1015547904,0,16,1015547904
Coutrot_db1/clip21,Coutrot_db1,policy:human_k16_seed440830,human,0.4491084814071655,0.9405865669250488,115605504,1015547904,0,16,1015547904
Coutrot_db1/clip21,Coutrot_db1,policy:human_k16_seed440831,human,0.44558465480804443,0.9367560744285583,115605504,1015547904,0,16,1015547904
Coutrot_db1/clip21,Coutrot_db1,policy:pretrained_k16,pretrained,0.4619733393192291,0.9560465812683105,115605504,1015547904,0,16,1015547904
Coutrot_db1/clip21,Coutrot_db1,tome_r5,tome,0.0174003504216671,0.18490640819072723,115605504,7902465024,11016832,136,7913481856
Coutrot_db1/clip21,Coutrot_db1,tome_r10,tome,0.05842461436986923,0.34019747376441956,115605504,6447581184,8091904,76,6455673088
Coutrot_db1/clip21,Coutrot_db1,tome_r15,tome,0.18936380743980408,0.6204408407211304,115605504,5031558144,5976192,16,5037534336
Coutrot_db1/clip21,Coutrot_db1,spatial_block_r15,spatial_block_r15,0.008218061178922653,0.1257065385580063,115605504,8652201984,3354624,196,8655556608
Coutrot_db1/clip36,Coutrot_db1,dense,dense,4.0978193283081055e-08,0.0,115605504,9396209664,0,196,9396209664
Coutrot_db1/clip36,Coutrot_db1,central_k16,central_k16,0.27723923325538635,0.7466695308685303,115605504,1015547904,0,16,1015547904
Coutrot_db1/clip36,Coutrot_db1,random_k16_seed2026090900,random,0.34318679571151733,0.8048205971717834,115605504,1015547904,0,16,1015547904
Coutrot_db1/clip36,Coutrot_db1,random_k16_seed2026090901,random,0.3011385202407837,0.7569735646247864,115605504,1015547904,0,16,1015547904
Coutrot_db1/clip36,Coutrot_db1,random_k16_seed2026090902,random,0.3138268291950226,0.7698011994361877,115605504,1015547904,0,16,1015547904
Coutrot_db1/clip36,Coutrot_db1,random_k16_seed2026090903,random,0.3392418920993805,0.7994182109832764,115605504,1015547904,0,16,1015547904
Coutrot_db1/clip36,Coutrot_db1,random_k16_seed2026090904,random,0.3464328944683075,0.8084552884101868,115605504,1015547904,0,16,1015547904
Coutrot_db1/clip36,Coutrot_db1,random_k16_seed2026090905,random,0.32786962389945984,0.7868134379386902,115605504,1015547904,0,16,1015547904
Coutrot_db1/clip36,Coutrot_db1,random_k16_seed2026090906,random,0.31292724609375,0.7687130570411682,115605504,1015547904,0,16,1015547904
Coutrot_db1/clip36,Coutrot_db1,random_k16_seed2026090907,random,0.33604782819747925,0.796379566192627,115605504,1015547904,0,16,1015547904
Coutrot_db1/clip36,Coutrot_db1,random_k16_seed2026090908,random,0.3076797127723694,0.7646650075912476,115605504,1015547904,0,16,1015547904
Coutrot_db1/clip36,Coutrot_db1,random_k16_seed2026090909,random,0.29559630155563354,0.7498971819877625,115605504,1015547904,0,16,1015547904
Coutrot_db1/clip36,Coutrot_db1,random_k16_seed2026090910,random,0.3258461654186249,0.7866363525390625,115605504,1015547904,0,16,1015547904
Coutrot_db1/clip36,Coutrot_db1,random_k16_seed2026090911,random,0.3006327152252197,0.7544572353363037,115605504,1015547904,0,16,1015547904
Coutrot_db1/clip36,Coutrot_db1,random_k16_seed2026090912,random,0.32149192690849304,0.7803540229797363,115605504,1015547904,0,16,1015547904
Coutrot_db1/clip36,Coutrot_db1,random_k16_seed2026090913,random,0.3540228605270386,0.8178303837776184,115605504,1015547904,0,16,1015547904
Coutrot_db1/clip36,Coutrot_db1,random_k16_seed2026090914,random,0.2910363972187042,0.7429722547531128,115605504,1015547904,0,16,1015547904
Coutrot_db1/clip36,Coutrot_db1,random_k16_seed2026090915,random,0.31710848212242126,0.7728763818740845,115605504,1015547904,0,16,1015547904
Coutrot_db1/clip36,Coutrot_db1,policy:human_k16_seed440826,human,0.2935686707496643,0.7638082504272461,115605504,1015547904,0,16,1015547904
Coutrot_db1/clip36,Coutrot_db1,policy:human_k16_seed440827,human,0.29059335589408875,0.7610872983932495,115605504,1015547904,0,16,1015547904
Coutrot_db1/clip36,Coutrot_db1,policy:human_k16_seed440828,human,0.2899658679962158,0.7599690556526184,115605504,1015547904,0,16,1015547904
Coutrot_db1/clip36,Coutrot_db1,policy:human_k16_seed440829,human,0.28948789834976196,0.7593915462493896,115605504,1015547904,0,16,1015547904
Coutrot_db1/clip36,Coutrot_db1,policy:human_k16_seed440830,human,0.2897869348526001,0.7593485116958618,115605504,1015547904,0,16,1015547904
Coutrot_db1/clip36,Coutrot_db1,policy:human_k16_seed440831,human,0.29229673743247986,0.7634909749031067,115605504,1015547904,0,16,1015547904
Coutrot_db1/clip36,Coutrot_db1,policy:pretrained_k16,pretrained,0.32940053939819336,0.7933100461959839,115605504,1015547904,0,16,1015547904
Coutrot_db1/clip36,Coutrot_db1,tome_r5,tome,0.02972463145852089,0.24216127395629883,115605504,7902465024,11016832,136,7913481856
Coutrot_db1/clip36,Coutrot_db1,tome_r10,tome,0.06977851688861847,0.371571809053421,115605504,6447581184,8091904,76,6455673088
Coutrot_db1/clip36,Coutrot_db1,tome_r15,tome,0.16548383235931396,0.5765992999076843,115605504,5031558144,5976192,16,5037534336
Coutrot_db1/clip36,Coutrot_db1,spatial_block_r15,spatial_block_r15,0.018093444406986237,0.18948912620544434,115605504,8652201984,3354624,196,8655556608
Coutrot_db2/clip12,Coutrot_db2,dense,dense,4.470348358154297e-08,0.0,115605504,9396209664,0,196,9396209664
Coutrot_db2/clip12,Coutrot_db2,central_k16,central_k16,0.6087732315063477,1.1113673448562622,115605504,1015547904,0,16,1015547904
Coutrot_db2/clip12,Coutrot_db2,random_k16_seed2026090900,random,0.5175005197525024,1.0156482458114624,115605504,1015547904,0,16,1015547904
Coutrot_db2/clip12,Coutrot_db2,random_k16_seed2026090901,random,0.5051875114440918,1.0126498937606812,115605504,1015547904,0,16,1015547904
Coutrot_db2/clip12,Coutrot_db2,random_k16_seed2026090902,random,0.48272764682769775,0.9850835800170898,115605504,1015547904,0,16,1015547904
Coutrot_db2/clip12,Coutrot_db2,random_k16_seed2026090903,random,0.5301640033721924,1.0321506261825562,115605504,1015547904,0,16,1015547904
Coutrot_db2/clip12,Coutrot_db2,random_k16_seed2026090904,random,0.5074684619903564,1.0131752490997314,115605504,1015547904,0,16,1015547904
Coutrot_db2/clip12,Coutrot_db2,random_k16_seed2026090905,random,0.555243968963623,1.0576591491699219,115605504,1015547904,0,16,1015547904
Coutrot_db2/clip12,Coutrot_db2,random_k16_seed2026090906,random,0.5137548446655273,1.016919732093811,115605504,1015547904,0,16,1015547904
Coutrot_db2/clip12,Coutrot_db2,random_k16_seed2026090907,random,0.5191179513931274,1.0236176252365112,115605504,1015547904,0,16,1015547904
Coutrot_db2/clip12,Coutrot_db2,random_k16_seed2026090908,random,0.5413562059402466,1.0478100776672363,115605504,1015547904,0,16,1015547904
Coutrot_db2/clip12,Coutrot_db2,random_k16_seed2026090909,random,0.5163850784301758,1.020015835762024,115605504,1015547904,0,16,1015547904
Coutrot_db2/clip12,Coutrot_db2,random_k16_seed2026090910,random,0.5159000754356384,1.02103853225708,115605504,1015547904,0,16,1015547904
Coutrot_db2/clip12,Coutrot_db2,random_k16_seed2026090911,random,0.5177754759788513,1.0252175331115723,115605504,1015547904,0,16,1015547904
Coutrot_db2/clip12,Coutrot_db2,random_k16_seed2026090912,random,0.5075976848602295,1.0105053186416626,115605504,1015547904,0,16,1015547904
Coutrot_db2/clip12,Coutrot_db2,random_k16_seed2026090913,random,0.5195515155792236,1.0228874683380127,115605504,1015547904,0,16,1015547904
Coutrot_db2/clip12,Coutrot_db2,random_k16_seed2026090914,random,0.5106176137924194,1.0170972347259521,115605504,1015547904,0,16,1015547904
Coutrot_db2/clip12,Coutrot_db2,random_k16_seed2026090915,random,0.4809928834438324,0.986845850944519,115605504,1015547904,0,16,1015547904
Coutrot_db2/clip12,Coutrot_db2,policy:human_k16_seed440826,human,0.496803343296051,1.0058039426803589,115605504,1015547904,0,16,1015547904
Coutrot_db2/clip12,Coutrot_db2,policy:human_k16_seed440827,human,0.48716485500335693,0.9954274296760559,115605504,1015547904,0,16,1015547904
Coutrot_db2/clip12,Coutrot_db2,policy:human_k16_seed440828,human,0.4784766733646393,0.9829241037368774,115605504,1015547904,0,16,1015547904
Coutrot_db2/clip12,Coutrot_db2,policy:human_k16_seed440829,human,0.49303698539733887,0.9989616870880127,115605504,1015547904,0,16,1015547904
Coutrot_db2/clip12,Coutrot_db2,policy:human_k16_seed440830,human,0.4815772771835327,0.9881600141525269,115605504,1015547904,0,16,1015547904
Coutrot_db2/clip12,Coutrot_db2,policy:human_k16_seed440831,human,0.4749227464199066,0.9776120185852051,115605504,1015547904,0,16,1015547904
Coutrot_db2/clip12,Coutrot_db2,policy:pretrained_k16,pretrained,0.5227101445198059,1.0275543928146362,115605504,1015547904,0,16,1015547904
Coutrot_db2/clip12,Coutrot_db2,tome_r5,tome,0.022551260888576508,0.21136172115802765,115605504,7902465024,11016832,136,7913481856
Coutrot_db2/clip12,Coutrot_db2,tome_r10,tome,0.14457407593727112,0.5350514650344849,115605504,6447581184,8091904,76,6455673088
Coutrot_db2/clip12,Coutrot_db2,tome_r15,tome,0.3685753047466278,0.873789370059967,115605504,5031558144,5976192,16,5037534336
Coutrot_db2/clip12,Coutrot_db2,spatial_block_r15,spatial_block_r15,0.006153523921966553,0.11062649637460709,115605504,8652201984,3354624,196,8655556608
Coutrot_db2/clip9,Coutrot_db2,dense,dense,4.0978193283081055e-08,0.0,115605504,9396209664,0,196,9396209664
Coutrot_db2/clip9,Coutrot_db2,central_k16,central_k16,0.6163178086280823,1.1274170875549316,115605504,1015547904,0,16,1015547904
Coutrot_db2/clip9,Coutrot_db2,random_k16_seed2026090900,random,0.48905789852142334,0.9935474395751953,115605504,1015547904,0,16,1015547904
Coutrot_db2/clip9,Coutrot_db2,random_k16_seed2026090901,random,0.5084052681922913,1.0169601440429688,115605504,1015547904,0,16,1015547904
Coutrot_db2/clip9,Coutrot_db2,random_k16_seed2026090902,random,0.5035261511802673,1.0139695405960083,115605504,1015547904,0,16,1015547904
Coutrot_db2/clip9,Coutrot_db2,random_k16_seed2026090903,random,0.4668115973472595,0.9693286418914795,115605504,1015547904,0,16,1015547904
Coutrot_db2/clip9,Coutrot_db2,random_k16_seed2026090904,random,0.47407740354537964,0.9795821905136108,115605504,1015547904,0,16,1015547904
Coutrot_db2/clip9,Coutrot_db2,random_k16_seed2026090905,random,0.48923635482788086,0.9943557977676392,115605504,1015547904,0,16,1015547904
Coutrot_db2/clip9,Coutrot_db2,random_k16_seed2026090906,random,0.49898606538772583,1.0036804676055908,115605504,1015547904,0,16,1015547904
Coutrot_db2/clip9,Coutrot_db2,random_k16_seed2026090907,random,0.4704585373401642,0.9796223044395447,115605504,1015547904,0,16,1015547904
Coutrot_db2/clip9,Coutrot_db2,random_k16_seed2026090908,random,0.5104060769081116,1.0181692838668823,115605504,1015547904,0,16,1015547904
Coutrot_db2/clip9,Coutrot_db2,random_k16_seed2026090909,random,0.47927433252334595,0.9843127727508545,115605504,1015547904,0,16,1015547904
Coutrot_db2/clip9,Coutrot_db2,random_k16_seed2026090910,random,0.46644675731658936,0.9723970890045166,115605504,1015547904,0,16,1015547904
Coutrot_db2/clip9,Coutrot_db2,random_k16_seed2026090911,random,0.48863232135772705,0.9982152581214905,115605504,1015547904,0,16,1015547904
Coutrot_db2/clip9,Coutrot_db2,random_k16_seed2026090912,random,0.47831210494041443,0.9853489995002747,115605504,1015547904,0,16,1015547904
Coutrot_db2/clip9,Coutrot_db2,random_k16_seed2026090913,random,0.48682737350463867,0.9907745718955994,115605504,1015547904,0,16,1015547904
Coutrot_db2/clip9,Coutrot_db2,random_k16_seed2026090914,random,0.5055422186851501,1.013171911239624,115605504,1015547904,0,16,1015547904
Coutrot_db2/clip9,Coutrot_db2,random_k16_seed2026090915,random,0.46647125482559204,0.9771474599838257,115605504,1015547904,0,16,1015547904
Coutrot_db2/clip9,Coutrot_db2,policy:human_k16_seed440826,human,0.543599545955658,1.0485751628875732,115605504,1015547904,0,16,1015547904
Coutrot_db2/clip9,Coutrot_db2,policy:human_k16_seed440827,human,0.5333721041679382,1.0412929058074951,115605504,1015547904,0,16,1015547904
Coutrot_db2/clip9,Coutrot_db2,policy:human_k16_seed440828,human,0.5279866456985474,1.0332367420196533,115605504,1015547904,0,16,1015547904
Coutrot_db2/clip9,Coutrot_db2,policy:human_k16_seed440829,human,0.5309122204780579,1.038267970085144,115605504,1015547904,0,16,1015547904
Coutrot_db2/clip9,Coutrot_db2,policy:human_k16_seed440830,human,0.5292099714279175,1.0361356735229492,115605504,1015547904,0,16,1015547904
Coutrot_db2/clip9,Coutrot_db2,policy:human_k16_seed440831,human,0.531894326210022,1.0390057563781738,115605504,1015547904,0,16,1015547904
Coutrot_db2/clip9,Coutrot_db2,policy:pretrained_k16,pretrained,0.4375273287296295,0.9353166818618774,115605504,1015547904,0,16,1015547904
Coutrot_db2/clip9,Coutrot_db2,tome_r5,tome,0.026758067309856415,0.22810551524162292,115605504,7902465024,11016832,136,7913481856
Coutrot_db2/clip9,Coutrot_db2,tome_r10,tome,0.11674806475639343,0.4816087484359741,115605504,6447581184,8091904,76,6455673088
Coutrot_db2/clip9,Coutrot_db2,tome_r15,tome,0.3380049169063568,0.8371529579162598,115605504,5031558144,5976192,16,5037534336
Coutrot_db2/clip9,Coutrot_db2,spatial_block_r15,spatial_block_r15,0.005751088261604309,0.10642919689416885,115605504,8652201984,3354624,196,8655556608
DIEM/home_movie_Charlie_bit_my_finger_again_960x720,DIEM,dense,dense,1.4901161193847656e-08,0.0,115605504,9396209664,0,196,9396209664
DIEM/home_movie_Charlie_bit_my_finger_again_960x720,DIEM,central_k16,central_k16,0.47543707489967346,0.9625496864318848,115605504,1015547904,0,16,1015547904
DIEM/home_movie_Charlie_bit_my_finger_again_960x720,DIEM,random_k16_seed2026090900,random,0.5724722146987915,1.0228978395462036,115605504,1015547904,0,16,1015547904
DIEM/home_movie_Charlie_bit_my_finger_again_960x720,DIEM,random_k16_seed2026090901,random,0.585419774055481,1.0372090339660645,115605504,1015547904,0,16,1015547904
DIEM/home_movie_Charlie_bit_my_finger_again_960x720,DIEM,random_k16_seed2026090902,random,0.5979629755020142,1.0496587753295898,115605504,1015547904,0,16,1015547904
DIEM/home_movie_Charlie_bit_my_finger_again_960x720,DIEM,random_k16_seed2026090903,random,0.5883539319038391,1.0371992588043213,115605504,1015547904,0,16,1015547904
DIEM/home_movie_Charlie_bit_my_finger_again_960x720,DIEM,random_k16_seed2026090904,random,0.56402587890625,1.0201505422592163,115605504,1015547904,0,16,1015547904
DIEM/home_movie_Charlie_bit_my_finger_again_960x720,DIEM,random_k16_seed2026090905,random,0.557590901851654,1.011763572692871,115605504,1015547904,0,16,1015547904
DIEM/home_movie_Charlie_bit_my_finger_again_960x720,DIEM,random_k16_seed2026090906,random,0.5934289693832397,1.0404200553894043,115605504,1015547904,0,16,1015547904
DIEM/home_movie_Charlie_bit_my_finger_again_960x720,DIEM,random_k16_seed2026090907,random,0.5603786706924438,1.010318636894226,115605504,1015547904,0,16,1015547904
DIEM/home_movie_Charlie_bit_my_finger_again_960x720,DIEM,random_k16_seed2026090908,random,0.5553063750267029,1.0104422569274902,115605504,1015547904,0,16,1015547904
DIEM/home_movie_Charlie_bit_my_finger_again_960x720,DIEM,random_k16_seed2026090909,random,0.5625184774398804,1.0164662599563599,115605504,1015547904,0,16,1015547904
DIEM/home_movie_Charlie_bit_my_finger_again_960x720,DIEM,random_k16_seed2026090910,random,0.5499647855758667,1.005744457244873,115605504,1015547904,0,16,1015547904
DIEM/home_movie_Charlie_bit_my_finger_again_960x720,DIEM,random_k16_seed2026090911,random,0.5562752485275269,1.0126726627349854,115605504,1015547904,0,16,1015547904
DIEM/home_movie_Charlie_bit_my_finger_again_960x720,DIEM,random_k16_seed2026090912,random,0.5684554576873779,1.0223462581634521,115605504,1015547904,0,16,1015547904
DIEM/home_movie_Charlie_bit_my_finger_again_960x720,DIEM,random_k16_seed2026090913,random,0.5805847644805908,1.0345555543899536,115605504,1015547904,0,16,1015547904
DIEM/home_movie_Charlie_bit_my_finger_again_960x720,DIEM,random_k16_seed2026090914,random,0.552669107913971,1.0052859783172607,115605504,1015547904,0,16,1015547904
DIEM/home_movie_Charlie_bit_my_finger_again_960x720,DIEM,random_k16_seed2026090915,random,0.6104963421821594,1.0616297721862793,115605504,1015547904,0,16,1015547904
DIEM/home_movie_Charlie_bit_my_finger_again_960x720,DIEM,policy:human_k16_seed440826,human,0.48688679933547974,0.9694724082946777,115605504,1015547904,0,16,1015547904
DIEM/home_movie_Charlie_bit_my_finger_again_960x720,DIEM,policy:human_k16_seed440827,human,0.4967396557331085,0.9823132157325745,115605504,1015547904,0,16,1015547904
DIEM/home_movie_Charlie_bit_my_finger_again_960x720,DIEM,policy:human_k16_seed440828,human,0.48800861835479736,0.9735122919082642,115605504,1015547904,0,16,1015547904
DIEM/home_movie_Charlie_bit_my_finger_again_960x720,DIEM,policy:human_k16_seed440829,human,0.49556466937065125,0.9788886904716492,115605504,1015547904,0,16,1015547904
DIEM/home_movie_Charlie_bit_my_finger_again_960x720,DIEM,policy:human_k16_seed440830,human,0.4886903762817383,0.9727215766906738,115605504,1015547904,0,16,1015547904
DIEM/home_movie_Charlie_bit_my_finger_again_960x720,DIEM,policy:human_k16_seed440831,human,0.48387935757637024,0.9683860540390015,115605504,1015547904,0,16,1015547904
DIEM/home_movie_Charlie_bit_my_finger_again_960x720,DIEM,policy:pretrained_k16,pretrained,0.5345212817192078,0.9938012957572937,115605504,1015547904,0,16,1015547904
DIEM/home_movie_Charlie_bit_my_finger_again_960x720,DIEM,tome_r5,tome,0.005253911018371582,0.10123706609010696,115605504,7902465024,11016832,136,7913481856
DIEM/home_movie_Charlie_bit_my_finger_again_960x720,DIEM,tome_r10,tome,0.024205829948186874,0.21808181703090668,115605504,6447581184,8091904,76,6455673088
DIEM/home_movie_Charlie_bit_my_finger_again_960x720,DIEM,tome_r15,tome,0.08149060606956482,0.3982183337211609,115605504,5031558144,5976192,16,5037534336
DIEM/home_movie_Charlie_bit_my_finger_again_960x720,DIEM,spatial_block_r15,spatial_block_r15,0.0037121139466762543,0.08501885086297989,115605504,8652201984,3354624,196,8655556608
DIEM/scottish_parliament_1152x864,DIEM,dense,dense,6.705522537231445e-08,0.0,115605504,9396209664,0,196,9396209664
DIEM/scottish_parliament_1152x864,DIEM,central_k16,central_k16,0.3680505156517029,0.8464816212654114,115605504,1015547904,0,16,1015547904
DIEM/scottish_parliament_1152x864,DIEM,random_k16_seed2026090900,random,0.40269219875335693,0.8756580352783203,115605504,1015547904,0,16,1015547904
DIEM/scottish_parliament_1152x864,DIEM,random_k16_seed2026090901,random,0.44425055384635925,0.9139442443847656,115605504,1015547904,0,16,1015547904
DIEM/scottish_parliament_1152x864,DIEM,random_k16_seed2026090902,random,0.4195556044578552,0.8927121758460999,115605504,1015547904,0,16,1015547904
DIEM/scottish_parliament_1152x864,DIEM,random_k16_seed2026090903,random,0.42229780554771423,0.8918874263763428,115605504,1015547904,0,16,1015547904
DIEM/scottish_parliament_1152x864,DIEM,random_k16_seed2026090904,random,0.4266144037246704,0.8993976712226868,115605504,1015547904,0,16,1015547904
DIEM/scottish_parliament_1152x864,DIEM,random_k16_seed2026090905,random,0.4506251811981201,0.9210574626922607,115605504,1015547904,0,16,1015547904
DIEM/scottish_parliament_1152x864,DIEM,random_k16_seed2026090906,random,0.40333473682403564,0.8740982413291931,115605504,1015547904,0,16,1015547904
DIEM/scottish_parliament_1152x864,DIEM,random_k16_seed2026090907,random,0.4157790243625641,0.8899783492088318,115605504,1015547904,0,16,1015547904
DIEM/scottish_parliament_1152x864,DIEM,random_k16_seed2026090908,random,0.40524783730506897,0.8763785362243652,115605504,1015547904,0,16,1015547904
DIEM/scottish_parliament_1152x864,DIEM,random_k16_seed2026090909,random,0.4359890818595886,0.9064512252807617,115605504,1015547904,0,16,1015547904
DIEM/scottish_parliament_1152x864,DIEM,random_k16_seed2026090910,random,0.4338955283164978,0.9040012359619141,115605504,1015547904,0,16,1015547904
DIEM/scottish_parliament_1152x864,DIEM,random_k16_seed2026090911,random,0.43656039237976074,0.9056286215782166,115605504,1015547904,0,16,1015547904
DIEM/scottish_parliament_1152x864,DIEM,random_k16_seed2026090912,random,0.4433033764362335,0.9147622585296631,115605504,1015547904,0,16,1015547904
DIEM/scottish_parliament_1152x864,DIEM,random_k16_seed2026090913,random,0.4511088728904724,0.9217469692230225,115605504,1015547904,0,16,1015547904
DIEM/scottish_parliament_1152x864,DIEM,random_k16_seed2026090914,random,0.4380907416343689,0.9078624248504639,115605504,1015547904,0,16,1015547904
DIEM/scottish_parliament_1152x864,DIEM,random_k16_seed2026090915,random,0.4195038378238678,0.8872085213661194,115605504,1015547904,0,16,1015547904
DIEM/scottish_parliament_1152x864,DIEM,policy:human_k16_seed440826,human,0.4340490996837616,0.9132323265075684,115605504,1015547904,0,16,1015547904
DIEM/scottish_parliament_1152x864,DIEM,policy:human_k16_seed440827,human,0.43675801157951355,0.9166197776794434,115605504,1015547904,0,16,1015547904
DIEM/scottish_parliament_1152x864,DIEM,policy:human_k16_seed440828,human,0.4217529892921448,0.8990998864173889,115605504,1015547904,0,16,1015547904
DIEM/scottish_parliament_1152x864,DIEM,policy:human_k16_seed440829,human,0.4251177906990051,0.9038127064704895,115605504,1015547904,0,16,1015547904
DIEM/scottish_parliament_1152x864,DIEM,policy:human_k16_seed440830,human,0.4284136891365051,0.9074928760528564,115605504,1015547904,0,16,1015547904
DIEM/scottish_parliament_1152x864,DIEM,policy:human_k16_seed440831,human,0.42777812480926514,0.9049906730651855,115605504,1015547904,0,16,1015547904
DIEM/scottish_parliament_1152x864,DIEM,policy:pretrained_k16,pretrained,0.42123040556907654,0.8901758193969727,115605504,1015547904,0,16,1015547904
DIEM/scottish_parliament_1152x864,DIEM,tome_r5,tome,0.020387869328260422,0.19782187044620514,115605504,7902465024,11016832,136,7913481856
DIEM/scottish_parliament_1152x864,DIEM,tome_r10,tome,0.056147947907447815,0.3264552354812622,115605504,6447581184,8091904,76,6455673088
DIEM/scottish_parliament_1152x864,DIEM,tome_r15,tome,0.1365540325641632,0.523822546005249,115605504,5031558144,5976192,16,5037534336
DIEM/scottish_parliament_1152x864,DIEM,spatial_block_r15,spatial_block_r15,0.006516728550195694,0.10535243153572083,115605504,8652201984,3354624,196,8655556608
ETMD_av/CRA_1_color,ETMD_av,dense,dense,7.450580596923828e-08,0.0,115605504,9396209664,0,196,9396209664
ETMD_av/CRA_1_color,ETMD_av,central_k16,central_k16,0.5885298252105713,1.0852012634277344,115605504,1015547904,0,16,1015547904
ETMD_av/CRA_1_color,ETMD_av,random_k16_seed2026090900,random,0.5106167793273926,0.9948426485061646,115605504,1015547904,0,16,1015547904
ETMD_av/CRA_1_color,ETMD_av,random_k16_seed2026090901,random,0.49916818737983704,0.9823427200317383,115605504,1015547904,0,16,1015547904
ETMD_av/CRA_1_color,ETMD_av,random_k16_seed2026090902,random,0.530709445476532,1.0129436254501343,115605504,1015547904,0,16,1015547904
ETMD_av/CRA_1_color,ETMD_av,random_k16_seed2026090903,random,0.5269209146499634,1.0094398260116577,115605504,1015547904,0,16,1015547904
ETMD_av/CRA_1_color,ETMD_av,random_k16_seed2026090904,random,0.5390785336494446,1.0180997848510742,115605504,1015547904,0,16,1015547904
ETMD_av/CRA_1_color,ETMD_av,random_k16_seed2026090905,random,0.5283157825469971,1.0089101791381836,115605504,1015547904,0,16,1015547904
ETMD_av/CRA_1_color,ETMD_av,random_k16_seed2026090906,random,0.5680835843086243,1.0478764772415161,115605504,1015547904,0,16,1015547904
ETMD_av/CRA_1_color,ETMD_av,random_k16_seed2026090907,random,0.5193780660629272,1.0007294416427612,115605504,1015547904,0,16,1015547904
ETMD_av/CRA_1_color,ETMD_av,random_k16_seed2026090908,random,0.5416632294654846,1.0218505859375,115605504,1015547904,0,16,1015547904
ETMD_av/CRA_1_color,ETMD_av,random_k16_seed2026090909,random,0.5280761122703552,1.008156418800354,115605504,1015547904,0,16,1015547904
ETMD_av/CRA_1_color,ETMD_av,random_k16_seed2026090910,random,0.5368654727935791,1.0187082290649414,115605504,1015547904,0,16,1015547904
ETMD_av/CRA_1_color,ETMD_av,random_k16_seed2026090911,random,0.5263851284980774,1.0065845251083374,115605504,1015547904,0,16,1015547904
ETMD_av/CRA_1_color,ETMD_av,random_k16_seed2026090912,random,0.5344729423522949,1.018574595451355,115605504,1015547904,0,16,1015547904
ETMD_av/CRA_1_color,ETMD_av,random_k16_seed2026090913,random,0.5286867618560791,1.0105607509613037,115605504,1015547904,0,16,1015547904
ETMD_av/CRA_1_color,ETMD_av,random_k16_seed2026090914,random,0.5273908376693726,1.0132313966751099,115605504,1015547904,0,16,1015547904
ETMD_av/CRA_1_color,ETMD_av,random_k16_seed2026090915,random,0.5549394488334656,1.032416820526123,115605504,1015547904,0,16,1015547904
ETMD_av/CRA_1_color,ETMD_av,policy:human_k16_seed440826,human,0.593812108039856,1.0865790843963623,115605504,1015547904,0,16,1015547904
ETMD_av/CRA_1_color,ETMD_av,policy:human_k16_seed440827,human,0.5833907723426819,1.0769140720367432,115605504,1015547904,0,16,1015547904
ETMD_av/CRA_1_color,ETMD_av,policy:human_k16_seed440828,human,0.5963532328605652,1.0891916751861572,115605504,1015547904,0,16,1015547904
ETMD_av/CRA_1_color,ETMD_av,policy:human_k16_seed440829,human,0.5868281722068787,1.078203797340393,115605504,1015547904,0,16,1015547904
ETMD_av/CRA_1_color,ETMD_av,policy:human_k16_seed440830,human,0.5858946442604065,1.0796207189559937,115605504,1015547904,0,16,1015547904
ETMD_av/CRA_1_color,ETMD_av,policy:human_k16_seed440831,human,0.5791603326797485,1.0734221935272217,115605504,1015547904,0,16,1015547904
ETMD_av/CRA_1_color,ETMD_av,policy:pretrained_k16,pretrained,0.49258673191070557,0.9720801115036011,115605504,1015547904,0,16,1015547904
ETMD_av/CRA_1_color,ETMD_av,tome_r5,tome,0.015546463429927826,0.1729307323694229,115605504,7902465024,11016832,136,7913481856
ETMD_av/CRA_1_color,ETMD_av,tome_r10,tome,0.04881588742136955,0.3084934651851654,115605504,6447581184,8091904,76,6455673088
ETMD_av/CRA_1_color,ETMD_av,tome_r15,tome,0.12473109364509583,0.49842435121536255,115605504,5031558144,5976192,16,5037534336
ETMD_av/CRA_1_color,ETMD_av,spatial_block_r15,spatial_block_r15,0.005720183253288269,0.1038813441991806,115605504,8652201984,3354624,196,8655556608
ETMD_av/CRA_2_color,ETMD_av,dense,dense,5.587935447692871e-08,0.0,115605504,9396209664,0,196,9396209664
ETMD_av/CRA_2_color,ETMD_av,central_k16,central_k16,0.5398598909378052,1.0342066287994385,115605504,1015547904,0,16,1015547904
ETMD_av/CRA_2_color,ETMD_av,random_k16_seed2026090900,random,0.5229629278182983,0.9993864297866821,115605504,1015547904,0,16,1015547904
ETMD_av/CRA_2_color,ETMD_av,random_k16_seed2026090901,random,0.5501387715339661,1.0264067649841309,115605504,1015547904,0,16,1015547904
ETMD_av/CRA_2_color,ETMD_av,random_k16_seed2026090902,random,0.5261062979698181,1.0057302713394165,115605504,1015547904,0,16,1015547904
ETMD_av/CRA_2_color,ETMD_av,random_k16_seed2026090903,random,0.5386496782302856,1.0137832164764404,115605504,1015547904,0,16,1015547904
ETMD_av/CRA_2_color,ETMD_av,random_k16_seed2026090904,random,0.548317015171051,1.0263476371765137,115605504,1015547904,0,16,1015547904
ETMD_av/CRA_2_color,ETMD_av,random_k16_seed2026090905,random,0.5613818168640137,1.0346763134002686,115605504,1015547904,0,16,1015547904
ETMD_av/CRA_2_color,ETMD_av,random_k16_seed2026090906,random,0.5563333034515381,1.0314722061157227,115605504,1015547904,0,16,1015547904
ETMD_av/CRA_2_color,ETMD_av,random_k16_seed2026090907,random,0.5769976377487183,1.0527241230010986,115605504,1015547904,0,16,1015547904
ETMD_av/CRA_2_color,ETMD_av,random_k16_seed2026090908,random,0.5386020541191101,1.0175281763076782,115605504,1015547904,0,16,1015547904
ETMD_av/CRA_2_color,ETMD_av,random_k16_seed2026090909,random,0.526080310344696,1.00327730178833,115605504,1015547904,0,16,1015547904
ETMD_av/CRA_2_color,ETMD_av,random_k16_seed2026090910,random,0.5611296892166138,1.0359634160995483,115605504,1015547904,0,16,1015547904
ETMD_av/CRA_2_color,ETMD_av,random_k16_seed2026090911,random,0.5355246067047119,1.0126932859420776,115605504,1015547904,0,16,1015547904
ETMD_av/CRA_2_color,ETMD_av,random_k16_seed2026090912,random,0.5305458903312683,1.0083428621292114,115605504,1015547904,0,16,1015547904
ETMD_av/CRA_2_color,ETMD_av,random_k16_seed2026090913,random,0.560775637626648,1.0308641195297241,115605504,1015547904,0,16,1015547904
ETMD_av/CRA_2_color,ETMD_av,random_k16_seed2026090914,random,0.5376140475273132,1.015619158744812,115605504,1015547904,0,16,1015547904
ETMD_av/CRA_2_color,ETMD_av,random_k16_seed2026090915,random,0.5794661641120911,1.0507032871246338,115605504,1015547904,0,16,1015547904
ETMD_av/CRA_2_color,ETMD_av,policy:human_k16_seed440826,human,0.5074107050895691,1.0000663995742798,115605504,1015547904,0,16,1015547904
ETMD_av/CRA_2_color,ETMD_av,policy:human_k16_seed440827,human,0.5033199787139893,0.9969314932823181,115605504,1015547904,0,16,1015547904
ETMD_av/CRA_2_color,ETMD_av,policy:human_k16_seed440828,human,0.5012116432189941,0.9942344427108765,115605504,1015547904,0,16,1015547904
ETMD_av/CRA_2_color,ETMD_av,policy:human_k16_seed440829,human,0.50173419713974,0.9957571625709534,115605504,1015547904,0,16,1015547904
ETMD_av/CRA_2_color,ETMD_av,policy:human_k16_seed440830,human,0.5020858645439148,0.9962928295135498,115605504,1015547904,0,16,1015547904
ETMD_av/CRA_2_color,ETMD_av,policy:human_k16_seed440831,human,0.5085665583610535,1.0016460418701172,115605504,1015547904,0,16,1015547904
ETMD_av/CRA_2_color,ETMD_av,policy:pretrained_k16,pretrained,0.6191427707672119,1.0951670408248901,115605504,1015547904,0,16,1015547904
ETMD_av/CRA_2_color,ETMD_av,tome_r5,tome,0.01783677563071251,0.18608932197093964,115605504,7902465024,11016832,136,7913481856
ETMD_av/CRA_2_color,ETMD_av,tome_r10,tome,0.04978547990322113,0.31371161341667175,115605504,6447581184,8091904,76,6455673088
ETMD_av/CRA_2_color,ETMD_av,tome_r15,tome,0.14987435936927795,0.544253945350647,115605504,5031558144,5976192,16,5037534336
ETMD_av/CRA_2_color,ETMD_av,spatial_block_r15,spatial_block_r15,0.007918410003185272,0.12111949920654297,115605504,8652201984,3354624,196,8655556608
SumMe/Kids_playing_in_leaves,SumMe,dense,dense,2.60770320892334e-08,0.0,115605504,9396209664,0,196,9396209664
SumMe/Kids_playing_in_leaves,SumMe,central_k16,central_k16,0.4340863823890686,0.9414025545120239,115605504,1015547904,0,16,1015547904
SumMe/Kids_playing_in_leaves,SumMe,random_k16_seed2026090900,random,0.4414505362510681,0.9298686385154724,115605504,1015547904,0,16,1015547904
SumMe/Kids_playing_in_leaves,SumMe,random_k16_seed2026090901,random,0.47114068269729614,0.9608084559440613,115605504,1015547904,0,16,1015547904
SumMe/Kids_playing_in_leaves,SumMe,random_k16_seed2026090902,random,0.45000550150871277,0.9409743547439575,115605504,1015547904,0,16,1015547904
SumMe/Kids_playing_in_leaves,SumMe,random_k16_seed2026090903,random,0.4521845877170563,0.9453757405281067,115605504,1015547904,0,16,1015547904
SumMe/Kids_playing_in_leaves,SumMe,random_k16_seed2026090904,random,0.4563811123371124,0.9465471506118774,115605504,1015547904,0,16,1015547904
SumMe/Kids_playing_in_leaves,SumMe,random_k16_seed2026090905,random,0.44562670588493347,0.9349929690361023,115605504,1015547904,0,16,1015547904
SumMe/Kids_playing_in_leaves,SumMe,random_k16_seed2026090906,random,0.4444979429244995,0.9353258013725281,115605504,1015547904,0,16,1015547904
SumMe/Kids_playing_in_leaves,SumMe,random_k16_seed2026090907,random,0.4393080770969391,0.9298851490020752,115605504,1015547904,0,16,1015547904
SumMe/Kids_playing_in_leaves,SumMe,random_k16_seed2026090908,random,0.44227078557014465,0.936048686504364,115605504,1015547904,0,16,1015547904
SumMe/Kids_playing_in_leaves,SumMe,random_k16_seed2026090909,random,0.42330020666122437,0.9168643951416016,115605504,1015547904,0,16,1015547904
SumMe/Kids_playing_in_leaves,SumMe,random_k16_seed2026090910,random,0.4571382999420166,0.9489116072654724,115605504,1015547904,0,16,1015547904
SumMe/Kids_playing_in_leaves,SumMe,random_k16_seed2026090911,random,0.45248693227767944,0.9453386068344116,115605504,1015547904,0,16,1015547904
SumMe/Kids_playing_in_leaves,SumMe,random_k16_seed2026090912,random,0.43773430585861206,0.934714674949646,115605504,1015547904,0,16,1015547904
SumMe/Kids_playing_in_leaves,SumMe,random_k16_seed2026090913,random,0.4337095022201538,0.9245193004608154,115605504,1015547904,0,16,1015547904
SumMe/Kids_playing_in_leaves,SumMe,random_k16_seed2026090914,random,0.4453349709510803,0.9387527108192444,115605504,1015547904,0,16,1015547904
SumMe/Kids_playing_in_leaves,SumMe,random_k16_seed2026090915,random,0.4545292556285858,0.9453428387641907,115605504,1015547904,0,16,1015547904
SumMe/Kids_playing_in_leaves,SumMe,policy:human_k16_seed440826,human,0.41242164373397827,0.9159173369407654,115605504,1015547904,0,16,1015547904
SumMe/Kids_playing_in_leaves,SumMe,policy:human_k16_seed440827,human,0.4085496664047241,0.9124173521995544,115605504,1015547904,0,16,1015547904
SumMe/Kids_playing_in_leaves,SumMe,policy:human_k16_seed440828,human,0.412056565284729,0.9154321551322937,115605504,1015547904,0,16,1015547904
SumMe/Kids_playing_in_leaves,SumMe,policy:human_k16_seed440829,human,0.4155218005180359,0.917682945728302,115605504,1015547904,0,16,1015547904
SumMe/Kids_playing_in_leaves,SumMe,policy:human_k16_seed440830,human,0.41243794560432434,0.9162508845329285,115605504,1015547904,0,16,1015547904
SumMe/Kids_playing_in_leaves,SumMe,policy:human_k16_seed440831,human,0.4147531986236572,0.9185342788696289,115605504,1015547904,0,16,1015547904
SumMe/Kids_playing_in_leaves,SumMe,policy:pretrained_k16,pretrained,0.4878387153148651,0.9691812992095947,115605504,1015547904,0,16,1015547904
SumMe/Kids_playing_in_leaves,SumMe,tome_r5,tome,0.019064296036958694,0.18847396969795227,115605504,7902465024,11016832,136,7913481856
SumMe/Kids_playing_in_leaves,SumMe,tome_r10,tome,0.04838746786117554,0.3075847029685974,115605504,6447581184,8091904,76,6455673088
SumMe/Kids_playing_in_leaves,SumMe,tome_r15,tome,0.12204773724079132,0.4960732161998749,115605504,5031558144,5976192,16,5037534336
SumMe/Kids_playing_in_leaves,SumMe,spatial_block_r15,spatial_block_r15,0.01062537357211113,0.14322099089622498,115605504,8652201984,3354624,196,8655556608
SumMe/Paintball,SumMe,dense,dense,3.3527612686157227e-08,0.0,115605504,9396209664,0,196,9396209664
SumMe/Paintball,SumMe,central_k16,central_k16,0.33911630511283875,0.8196806311607361,115605504,1015547904,0,16,1015547904
SumMe/Paintball,SumMe,random_k16_seed2026090900,random,0.3228643536567688,0.7897692322731018,115605504,1015547904,0,16,1015547904
SumMe/Paintball,SumMe,random_k16_seed2026090901,random,0.2777997553348541,0.735892117023468,115605504,1015547904,0,16,1015547904
SumMe/Paintball,SumMe,random_k16_seed2026090902,random,0.2865495979785919,0.7462766170501709,115605504,1015547904,0,16,1015547904
SumMe/Paintball,SumMe,random_k16_seed2026090903,random,0.29075124859809875,0.7506464719772339,115605504,1015547904,0,16,1015547904
SumMe/Paintball,SumMe,random_k16_seed2026090904,random,0.3035109043121338,0.7687547206878662,115605504,1015547904,0,16,1015547904
SumMe/Paintball,SumMe,random_k16_seed2026090905,random,0.3097451627254486,0.7747420072555542,115605504,1015547904,0,16,1015547904
SumMe/Paintball,SumMe,random_k16_seed2026090906,random,0.313802033662796,0.7817779779434204,115605504,1015547904,0,16,1015547904
SumMe/Paintball,SumMe,random_k16_seed2026090907,random,0.30838048458099365,0.7720746397972107,115605504,1015547904,0,16,1015547904
SumMe/Paintball,SumMe,random_k16_seed2026090908,random,0.30195266008377075,0.7630616426467896,115605504,1015547904,0,16,1015547904
SumMe/Paintball,SumMe,random_k16_seed2026090909,random,0.3084924519062042,0.7721876502037048,115605504,1015547904,0,16,1015547904
SumMe/Paintball,SumMe,random_k16_seed2026090910,random,0.2947327494621277,0.7582073211669922,115605504,1015547904,0,16,1015547904
SumMe/Paintball,SumMe,random_k16_seed2026090911,random,0.31800925731658936,0.7849626541137695,115605504,1015547904,0,16,1015547904
SumMe/Paintball,SumMe,random_k16_seed2026090912,random,0.3493695855140686,0.823794424533844,115605504,1015547904,0,16,1015547904
SumMe/Paintball,SumMe,random_k16_seed2026090913,random,0.31669577956199646,0.7820904850959778,115605504,1015547904,0,16,1015547904
SumMe/Paintball,SumMe,random_k16_seed2026090914,random,0.30353301763534546,0.7677633166313171,115605504,1015547904,0,16,1015547904
SumMe/Paintball,SumMe,random_k16_seed2026090915,random,0.3075845539569855,0.7708647847175598,115605504,1015547904,0,16,1015547904
SumMe/Paintball,SumMe,policy:human_k16_seed440826,human,0.3774831295013428,0.8584972023963928,115605504,1015547904,0,16,1015547904
SumMe/Paintball,SumMe,policy:human_k16_seed440827,human,0.36711132526397705,0.8474054932594299,115605504,1015547904,0,16,1015547904
SumMe/Paintball,SumMe,policy:human_k16_seed440828,human,0.3666921854019165,0.8464229106903076,115605504,1015547904,0,16,1015547904
SumMe/Paintball,SumMe,policy:human_k16_seed440829,human,0.36688676476478577,0.8469988703727722,115605504,1015547904,0,16,1015547904
SumMe/Paintball,SumMe,policy:human_k16_seed440830,human,0.3736732006072998,0.8543525338172913,115605504,1015547904,0,16,1015547904
SumMe/Paintball,SumMe,policy:human_k16_seed440831,human,0.37695586681365967,0.8590589761734009,115605504,1015547904,0,16,1015547904
SumMe/Paintball,SumMe,policy:pretrained_k16,pretrained,0.243917778134346,0.6861116886138916,115605504,1015547904,0,16,1015547904
SumMe/Paintball,SumMe,tome_r5,tome,0.02845030650496483,0.2338208258152008,115605504,7902465024,11016832,136,7913481856
SumMe/Paintball,SumMe,tome_r10,tome,0.0644010603427887,0.3557930588722229,115605504,6447581184,8091904,76,6455673088
SumMe/Paintball,SumMe,tome_r15,tome,0.1513717621564865,0.5502791404724121,115605504,5031558144,5976192,16,5037534336
SumMe/Paintball,SumMe,spatial_block_r15,spatial_block_r15,0.016431059688329697,0.1798892468214035,115605504,8652201984,3354624,196,8655556608
